age,sex,cp,trestbps,chol,fbs,restecg,thalach,exang,oldpeak,slope,ca,thal
-0.2684365840200387,0.6615040875036309,-0.9157554158781038,-0.3776355193914728,-0.6593320886194443,-0.41887792445571814,0.8912548803213849,0.8213205211508167,-0.7122871199007256,-0.06088839322952556,0.9954333376207247,1.2092206641194465,1.089851684883365
-0.1581570254546923,0.6615040875036309,-0.9157554158781038,0.4791073034864796,-0.8338611709010618,2.3873303929763807,-1.0040485477479504,0.2559679049541725,1.4039282363260677,1.7271370696156756,-2.243675141938776,-0.7319714748350291,1.089851684883365
1.716595470156197,0.6615040875036309,-0.9157554158781038,0.7646882444457971,-1.3962326582529407,-0.41887792445571814,0.8912548803213849,-1.0486919785765447,1.4039282363260677,1.3014167213191992,-2.243675141938776,-0.7319714748350291,1.089851684883365
0.7240794430680791,0.6615040875036309,-0.9157554158781038,0.9360368090213875,-0.8338611709010618,-0.41887792445571814,0.8912548803213849,0.516899881660316,-0.7122871199007256,-0.9123290898224784,0.9954333376207247,0.2386245946422087,1.089851684883365
0.8343590016334256,-1.5117064563784892,-0.9157554158781038,0.3648749271027526,0.9308217721686272,2.3873303929763807,0.8912548803213849,-1.8749765714793323,-0.7122871199007256,0.705408233704132,-0.6241209021590255,2.1798167335966845,-0.5221223079094905
0.39324076737203983,-1.5117064563784892,-0.9157554158781038,-1.80554022418806,0.03878424050702613,-0.41887792445571814,-1.0040485477479504,-1.1791579669296166,-0.7122871199007256,-0.06088839322952556,-0.6241209021590255,-0.7319714748350291,-0.5221223079094905
0.39324076737203983,0.6615040875036309,-0.9157554158781038,-1.0059135895019713,1.3962326582529407,-0.41887792445571814,2.78655830839072,-0.39636203681118615,-0.7122871199007256,2.834009975186514,-2.243675141938776,2.1798167335966845,-2.134096300702346
0.06240209167600057,0.6615040875036309,-0.9157554158781038,1.6214310673237495,0.8338611709010618,-0.41887792445571814,-1.0040485477479504,-0.17891872288939994,1.4039282363260677,-0.2311765325481161,-0.6241209021590255,0.2386245946422087,1.089851684883365
-0.9301139354121173,0.6615040875036309,-0.9157554158781038,-0.6632164603507903,0.0581763607605392,-0.41887792445571814,-1.0040485477479504,-0.22240738567375717,-0.7122871199007256,-0.2311765325481161,0.9954333376207247,-0.7319714748350291,1.089851684883365
-0.047877466889345854,0.6615040875036309,-0.9157554158781038,-0.5489840839670632,0.7756848101405226,-0.41887792445571814,-1.0040485477479504,-1.44008994363576,1.4039282363260677,1.8122811392749707,-0.6241209021590255,1.2092206641194465,-0.5221223079094905
1.8268750287215434,-1.5117064563784892,-0.9157554158781038,-1.1201459658856983,-1.8810356645907673,-0.41887792445571814,0.8912548803213849,-1.0486919785765447,-0.7122871199007256,0.4499760247262462,-0.6241209021590255,-0.7319714748350291,-0.5221223079094905
-1.2609526111081566,-1.5117064563784892,-0.9157554158781038,0.02217779795157167,1.842251424083741,2.3873303929763807,-1.0040485477479504,-0.5703166879486151,1.4039282363260677,1.64199299995638,-0.6241209021590255,-0.7319714748350291,1.089851684883365
-2.2534686381962743,-1.5117064563784892,0.05593123140456333,-0.7774488367345173,-0.6981163291264704,-0.41887792445571814,0.8912548803213849,1.8650484279753905,-0.7122871199007256,-0.3163206022074114,0.9954333376207247,-0.7319714748350291,-0.5221223079094905
-0.3787161425853851,0.6615040875036309,-0.9157554158781038,0.4791073034864796,1.0083902531826794,-0.41887792445571814,0.8912548803213849,-1.1791579669296166,1.4039282363260677,2.6637218358679235,-0.6241209021590255,2.1798167335966845,1.089851684883365
-0.2684365840200387,0.6615040875036309,-0.9157554158781038,-0.2062869548158823,-0.8144690506475487,2.3873303929763807,0.8912548803213849,0.29945656773852974,1.4039282363260677,-0.06088839322952556,-0.6241209021590255,-0.7319714748350291,-3.7460702934952015
-2.2534686381962743,-1.5117064563784892,0.05593123140456333,-0.7774488367345173,-0.6981163291264704,-0.41887792445571814,0.8912548803213849,1.8650484279753905,-0.7122871199007256,-0.3163206022074114,0.9954333376207247,-0.7319714748350291,-0.5221223079094905
-0.3787161425853851,-1.5117064563784892,1.0276178786872305,0.4791073034864796,1.20231145571781,-0.41887792445571814,-1.0040485477479504,-0.30938471124247163,-0.7122871199007256,0.3648319550669509,0.9954333376207247,0.2386245946422087,-0.5221223079094905
-0.047877466889345854,0.6615040875036309,-0.9157554158781038,-0.43475170758333626,0.3878424050702613,-0.41887792445571814,-1.0040485477479504,-1.7445105831262606,1.4039282363260677,0.960840442682018,-0.6241209021590255,0.2386245946422087,1.089851684883365
-0.48899570115073154,-1.5117064563784892,0.05593123140456333,-0.6632164603507903,-0.03878424050702613,-0.41887792445571814,0.8912548803213849,0.5603885444446732,-0.7122871199007256,0.024255676429769807,0.9954333376207247,-0.7319714748350291,-0.5221223079094905
0.39324076737203983,0.6615040875036309,1.0276178786872305,0.4791073034864796,-0.6787242088729573,2.3873303929763807,-1.0040485477479504,0.6908545327977449,-0.7122871199007256,-0.9123290898224784,0.9954333376207247,-0.7319714748350291,-0.5221223079094905
0.6137998845027327,0.6615040875036309,1.0276178786872305,0.4791073034864796,-1.1829193354642968,-0.41887792445571814,-1.0040485477479504,0.2559679049541725,-0.7122871199007256,1.64199299995638,-0.6241209021590255,-0.7319714748350291,-0.5221223079094905
1.3857567944601576,-1.5117064563784892,-0.9157554158781038,-1.4628430950368791,-0.44601876583080047,-0.41887792445571814,0.8912548803213849,-0.30938471124247163,-0.7122871199007256,-0.6568968808445925,0.9954333376207247,1.2092206641194465,-0.5221223079094905
-1.0403934939774637,0.6615040875036309,-0.9157554158781038,-1.5770754714206061,-0.7369005696334965,-0.41887792445571814,-1.0040485477479504,-0.04845273453632821,1.4039282363260677,1.64199299995638,-0.6241209021590255,-0.7319714748350291,-0.5221223079094905
0.944638560198772,-1.5117064563784892,1.0276178786872305,0.19352636252716215,0.1163527215210784,-0.41887792445571814,-1.0040485477479504,0.9952751722882456,-0.7122871199007256,-0.9123290898224784,0.9954333376207247,-0.7319714748350291,-0.5221223079094905
-1.371232169673503,-1.5117064563784892,1.0276178786872305,-0.6632164603507903,-0.7175084493799834,-0.41887792445571814,0.8912548803213849,1.038763835072603,-0.7122871199007256,-0.9123290898224784,-0.6241209021590255,-0.7319714748350291,-0.5221223079094905
0.7240794430680791,-1.5117064563784892,-0.9157554158781038,0.7646882444457971,1.1829193354642968,-0.41887792445571814,-1.0040485477479504,-0.1354300601050427,1.4039282363260677,-0.06088839322952556,-0.6241209021590255,-0.7319714748350291,1.089851684883365
-1.1506730525428102,0.6615040875036309,1.0276178786872305,-0.09205457843215531,-0.25209756329566985,-0.41887792445571814,0.8912548803213849,1.2996958117787463,1.4039282363260677,-0.5717528111852972,0.9954333376207247,-0.7319714748350291,-0.5221223079094905
0.39324076737203983,-1.5117064563784892,0.05593123140456333,0.25064255071902564,1.4156247785064537,2.3873303929763807,-1.0040485477479504,0.12550191660110077,-0.7122871199007256,-0.9123290898224784,0.9954333376207247,1.2092206641194465,-0.5221223079094905
0.172681650241347,0.6615040875036309,1.0276178786872305,-0.09205457843215531,0.19392120253513065,2.3873303929763807,-1.0040485477479504,-0.30938471124247163,1.4039282363260677,-0.4014646718667067,-0.6241209021590255,0.2386245946422087,-2.134096300702346
0.06240209167600057,-1.5117064563784892,-0.9157554158781038,2.763754831161019,1.5707617405345582,-0.41887792445571814,2.78655830839072,-1.3966012808514028,1.4039282363260677,1.9825692785935614,-0.6241209021590255,-0.7319714748350291,-0.5221223079094905
-1.1506730525428102,0.6615040875036309,-0.9157554158781038,-0.6632164603507903,-1.493193259520506,-0.41887792445571814,0.8912548803213849,-0.22240738567375717,1.4039282363260677,1.4717048606377894,-2.243675141938776,-0.7319714748350291,-2.134096300702346
-0.48899570115073154,-1.5117064563784892,0.05593123140456333,-0.6632164603507903,-0.03878424050702613,-0.41887792445571814,0.8912548803213849,0.5603885444446732,-0.7122871199007256,0.024255676429769807,0.9954333376207247,-0.7319714748350291,-0.5221223079094905
0.2829612088066934,0.6615040875036309,-0.9157554158781038,-0.09205457843215531,-2.2300938291540024,-0.41887792445571814,0.8912548803213849,-1.4835786064201173,1.4039282363260677,0.10939974608906498,-0.6241209021590255,0.2386245946422087,1.089851684883365
1.716595470156197,0.6615040875036309,1.0276178786872305,1.6214310673237495,0.44601876583080047,-0.41887792445571814,0.8912548803213849,-1.614044594773189,1.4039282363260677,1.5568489302970847,-0.6241209021590255,0.2386245946422087,1.089851684883365
-0.48899570115073154,0.6615040875036309,1.0276178786872305,-0.14917076662401882,-0.9696060126756533,-0.41887792445571814,0.8912548803213849,0.6038772072290304,-0.7122871199007256,-0.9123290898224784,0.9954333376207247,-0.7319714748350291,-0.5221223079094905
-0.9301139354121173,0.6615040875036309,1.0276178786872305,1.0502691854051145,-0.29088180380269596,-0.41887792445571814,0.8912548803213849,-0.09194139732068544,-0.7122871199007256,2.152857417912152,-0.6241209021590255,-0.7319714748350291,-0.5221223079094905
-0.3787161425853851,0.6615040875036309,1.9993045259698976,-0.3776355193914728,-0.6399399683659311,-0.41887792445571814,-1.0040485477479504,-1.0486919785765447,1.4039282363260677,0.2796878854076555,0.9954333376207247,0.2386245946422087,-0.5221223079094905
0.5035203259373863,0.6615040875036309,-0.9157554158781038,0.3648749271027526,0.48480300633782664,-0.41887792445571814,-1.0040485477479504,1.430161800131818,-0.7122871199007256,-0.9123290898224784,0.9954333376207247,-0.7319714748350291,-0.5221223079094905
1.0549181187641183,0.6615040875036309,-0.9157554158781038,-0.2062869548158823,0.32966604430972213,-0.41887792445571814,0.8912548803213849,-1.9184652342636896,1.4039282363260677,-0.7420409505038879,-0.6241209021590255,0.2386245946422087,1.089851684883365
0.2829612088066934,0.6615040875036309,1.0276178786872305,-0.2062869548158823,-0.32966604430972213,-0.41887792445571814,-1.0040485477479504,0.03852459103238628,-0.7122871199007256,-0.5717528111852972,-0.6241209021590255,0.2386245946422087,1.089851684883365
1.1651976773294648,-1.5117064563784892,1.0276178786872305,1.6214310673237495,2.2107017089004892,-0.41887792445571814,-1.0040485477479504,0.08201325381674351,-0.7122871199007256,-0.2311765325481161,0.9954333376207247,-0.7319714748350291,-0.5221223079094905
-0.047877466889345854,0.6615040875036309,1.0276178786872305,-0.6632164603507903,0.2327054430421568,-0.41887792445571814,-1.0040485477479504,-0.09194139732068544,-0.7122871199007256,-0.5717528111852972,-0.6241209021590255,-0.7319714748350291,1.089851684883365
0.7240794430680791,-1.5117064563784892,-0.9157554158781038,-0.09205457843215531,1.6289381012950974,-0.41887792445571814,-1.0040485477479504,0.8648091839351739,-0.7122871199007256,-0.9123290898224784,0.9954333376207247,-0.7319714748350291,-0.5221223079094905
-0.9301139354121173,0.6615040875036309,-0.9157554158781038,-0.6632164603507903,0.0581763607605392,-0.41887792445571814,-1.0040485477479504,-0.22240738567375717,-0.7122871199007256,-0.2311765325481161,0.9954333376207247,-0.7319714748350291,1.089851684883365
0.06240209167600057,-1.5117064563784892,0.05593123140456333,0.02217779795157167,1.8616435443372543,-0.41887792445571814,0.8912548803213849,0.7343431955821021,-0.7122871199007256,0.10939974608906498,0.9954333376207247,-0.7319714748350291,-0.5221223079094905
-1.371232169673503,0.6615040875036309,-0.9157554158781038,0.4791073034864796,-0.3878424050702613,-0.41887792445571814,0.8912548803213849,1.2562071489943891,-0.7122871199007256,-0.9123290898224784,0.9954333376207247,-0.7319714748350291,-0.5221223079094905
-1.4815117282388495,0.6615040875036309,0.05593123140456333,0.19352636252716215,-0.8338611709010618,-0.41887792445571814,0.8912548803213849,-0.744271339086044,-0.7122871199007256,-0.9123290898224784,-0.6241209021590255,-0.7319714748350291,-2.134096300702346
1.2754772358948112,-1.5117064563784892,-0.9157554158781038,2.6495224547772924,-0.3490581645632352,2.3873303929763807,0.8912548803213849,0.6908545327977449,1.4039282363260677,-0.06088839322952556,-0.6241209021590255,1.2092206641194465,1.089851684883365
1.2754772358948112,-1.5117064563784892,1.0276178786872305,0.8218044326376606,0.620547848112418,-0.41887792445571814,-1.0040485477479504,0.12550191660110077,-0.7122871199007256,-0.9123290898224784,-0.6241209021590255,0.2386245946422087,-0.5221223079094905
0.6137998845027327,0.6615040875036309,-0.9157554158781038,-0.8345650249263807,-0.310273924056209,2.3873303929763807,0.8912548803213849,0.4734112188759587,1.4039282363260677,0.2796878854076555,0.9954333376207247,1.2092206641194465,1.089851684883365
0.39324076737203983,-1.5117064563784892,1.9993045259698976,1.0502691854051145,0.7175084493799834,2.3873303929763807,-1.0040485477479504,0.5603885444446732,-0.7122871199007256,-0.06088839322952556,0.9954333376207247,-0.7319714748350291,-0.5221223079094905
0.2829612088066934,-1.5117064563784892,-0.9157554158781038,0.4791073034864796,-0.09696060126756532,-0.41887792445571814,0.8912548803213849,-1.1356693041452592,1.4039282363260677,-0.7420409505038879,-0.6241209021590255,-0.7319714748350291,1.089851684883365
-1.8123504039348886,0.6615040875036309,1.0276178786872305,0.3648749271027526,-1.3768405379994275,-0.41887792445571814,0.8912548803213849,1.038763835072603,-0.7122871199007256,-0.9123290898224784,0.9954333376207247,3.1504128030739222,-0.5221223079094905
-0.599275259716078,0.6615040875036309,1.0276178786872305,-0.6632164603507903,-1.1247429747037578,-0.41887792445571814,0.8912548803213849,-0.4398506995955434,-0.7122871199007256,0.7905523033634273,-0.6241209021590255,2.1798167335966845,1.089851684883365
0.06240209167600057,0.6615040875036309,-0.9157554158781038,0.4791073034864796,-0.5623714873518789,-0.41887792445571814,0.8912548803213849,-1.657533257557546,1.4039282363260677,3.855738811098057,-2.243675141938776,-0.7319714748350291,1.089851684883365
0.06240209167600057,0.6615040875036309,-0.9157554158781038,0.4791073034864796,-0.5623714873518789,-0.41887792445571814,0.8912548803213849,-1.657533257557546,1.4039282363260677,3.855738811098057,-2.243675141938776,-0.7319714748350291,1.089851684883365
0.172681650241347,0.6615040875036309,1.9993045259698976,-0.6632164603507903,-1.0277823734361924,-0.41887792445571814,-1.0040485477479504,0.5603885444446732,-0.7122871199007256,0.705408233704132,-0.6241209021590255,-0.7319714748350291,1.089851684883365
-0.7095548182814244,0.6615040875036309,0.05593123140456333,-0.09205457843215531,-0.019392120253513064,-0.41887792445571814,-1.0040485477479504,1.3431844745631036,-0.7122871199007256,-0.7420409505038879,-0.6241209021590255,-0.7319714748350291,-0.5221223079094905
1.3857567944601576,0.6615040875036309,1.0276178786872305,1.1645015617888415,-0.6593320886194443,-0.41887792445571814,-1.0040485477479504,0.03852459103238628,-0.7122871199007256,-0.2311765325481161,-0.6241209021590255,-0.7319714748350291,1.089851684883365
0.2829612088066934,0.6615040875036309,0.05593123140456333,1.2787339381725684,-0.2714896835491829,-0.41887792445571814,-1.0040485477479504,0.6473658700133876,-0.7122871199007256,-0.9123290898224784,0.9954333376207247,0.2386245946422087,-0.5221223079094905
-2.8048664310230067,0.6615040875036309,0.05593123140456333,-0.09205457843215531,-0.8144690506475487,-0.41887792445571814,-1.0040485477479504,2.299935055818963,-0.7122871199007256,-0.9123290898224784,0.9954333376207247,-0.7319714748350291,-0.5221223079094905
1.2754772358948112,-1.5117064563784892,1.0276178786872305,0.8218044326376606,0.620547848112418,-0.41887792445571814,-1.0040485477479504,0.12550191660110077,-0.7122871199007256,-0.9123290898224784,-0.6241209021590255,0.2386245946422087,-0.5221223079094905
1.3857567944601576,0.6615040875036309,-0.9157554158781038,-1.80554022418806,1.0277823734361924,-0.41887792445571814,-1.0040485477479504,-1.0486919785765447,1.4039282363260677,-0.14603246288882082,-0.6241209021590255,1.2092206641194465,-0.5221223079094905
0.5035203259373863,0.6615040875036309,1.0276178786872305,1.0502691854051145,-0.6593320886194443,2.3873303929763807,0.8912548803213849,0.34294523052288695,-0.7122871199007256,0.4499760247262462,0.9954333376207247,-0.7319714748350291,-0.5221223079094905
-2.8048664310230067,0.6615040875036309,0.05593123140456333,-0.09205457843215531,-0.8144690506475487,-0.41887792445571814,-1.0040485477479504,2.299935055818963,-0.7122871199007256,-0.9123290898224784,0.9954333376207247,-0.7319714748350291,-0.5221223079094905
0.5035203259373863,0.6615040875036309,1.9993045259698976,2.1925929492423846,0.8144690506475487,-0.41887792445571814,-1.0040485477479504,0.42992255609160146,-0.7122871199007256,-0.7420409505038879,-0.6241209021590255,-0.7319714748350291,1.089851684883365
-0.1581570254546923,0.6615040875036309,1.0276178786872305,-0.09205457843215531,-0.9502138924221402,2.3873303929763807,-1.0040485477479504,0.12550191660110077,-0.7122871199007256,0.10939974608906498,-2.243675141938776,-0.7319714748350291,-0.5221223079094905
-1.371232169673503,0.6615040875036309,-0.9157554158781038,0.25064255071902564,1.3380562974924015,-0.41887792445571814,0.8912548803213849,-1.0486919785765447,1.4039282363260677,0.6202641640448368,-0.6241209021590255,-0.7319714748350291,-2.134096300702346
-1.922629962500235,-1.5117064563784892,1.0276178786872305,-0.6632164603507903,-0.601155727858905,-0.41887792445571814,0.8912548803213849,0.9082978467195311,-0.7122871199007256,-0.9123290898224784,0.9954333376207247,-0.7319714748350291,-0.5221223079094905
0.8343590016334256,-1.5117064563784892,-0.9157554158781038,1.6214310673237495,-1.5901538607880714,-0.41887792445571814,-1.0040485477479504,-0.17891872288939994,-0.7122871199007256,4.366603229053829,-2.243675141938776,2.1798167335966845,1.089851684883365
0.5035203259373863,0.6615040875036309,-0.9157554158781038,2.1925929492423846,1.5513696202810452,-0.41887792445571814,-1.0040485477479504,-0.39636203681118615,1.4039282363260677,1.9825692785935614,-2.243675141938776,-0.7319714748350291,1.089851684883365
0.7240794430680791,0.6615040875036309,-0.9157554158781038,0.4791073034864796,-0.7562926898870095,-0.41887792445571814,-1.0040485477479504,-0.4833393623799006,1.4039282363260677,0.705408233704132,0.9954333376207247,0.2386245946422087,1.089851684883365
0.172681650241347,0.6615040875036309,-0.9157554158781038,-0.3776355193914728,0.0581763607605392,2.3873303929763807,-1.0040485477479504,-0.22240738567375717,1.4039282363260677,0.10939974608906498,-0.6241209021590255,0.2386245946422087,-0.5221223079094905
0.5035203259373863,0.6615040875036309,-0.9157554158781038,0.4791073034864796,-1.3380562974924015,-0.41887792445571814,0.8912548803213849,0.5603885444446732,1.4039282363260677,-0.9123290898224784,0.9954333376207247,0.2386245946422087,1.089851684883365
-0.7095548182814244,0.6615040875036309,-0.9157554158781038,-0.09205457843215531,0.19392120253513065,2.3873303929763807,-1.0040485477479504,0.03852459103238628,1.4039282363260677,-0.9123290898224784,0.9954333376207247,1.2092206641194465,1.089851684883365
-0.8198343768467709,0.6615040875036309,1.0276178786872305,0.3648749271027526,0.2133133227886437,-0.41887792445571814,-1.0040485477479504,0.29945656773852974,-0.7122871199007256,-0.9123290898224784,0.9954333376207247,-0.7319714748350291,-0.5221223079094905
-0.7095548182814244,0.6615040875036309,1.0276178786872305,-0.43475170758333626,0.1745290822816176,2.3873303929763807,0.8912548803213849,1.1257411606413172,-0.7122871199007256,-0.9123290898224784,0.9954333376207247,1.2092206641194465,-0.5221223079094905
0.944638560198772,0.6615040875036309,-0.9157554158781038,0.4791073034864796,-1.1441350949572708,-0.41887792445571814,-1.0040485477479504,-0.22240738567375717,1.4039282363260677,2.493433696549333,0.9954333376207247,1.2092206641194465,1.089851684883365
-0.2684365840200387,0.6615040875036309,0.05593123140456333,0.13641017433529865,-0.8726454114080879,-0.41887792445571814,0.8912548803213849,0.3864338933072442,-0.7122871199007256,-0.2311765325481161,0.9954333376207247,0.2386245946422087,-0.5221223079094905
-0.2684365840200387,0.6615040875036309,0.05593123140456333,0.13641017433529865,-0.8726454114080879,-0.41887792445571814,0.8912548803213849,0.3864338933072442,-0.7122871199007256,-0.2311765325481161,0.9954333376207247,0.2386245946422087,-0.5221223079094905
-0.48899570115073154,0.6615040875036309,1.0276178786872305,0.4791073034864796,-0.25209756329566985,-0.41887792445571814,0.8912548803213849,0.6038772072290304,-0.7122871199007256,-0.4014646718667067,-0.6241209021590255,0.2386245946422087,1.089851684883365
-0.599275259716078,0.6615040875036309,1.0276178786872305,-0.7774488367345173,-1.8810356645907673,-0.41887792445571814,-1.0040485477479504,-1.0052033157921876,-0.7122871199007256,-0.2311765325481161,0.9954333376207247,2.1798167335966845,-0.5221223079094905
-0.9301139354121173,0.6615040875036309,1.0276178786872305,1.0502691854051145,-0.29088180380269596,-0.41887792445571814,0.8912548803213849,-0.09194139732068544,-0.7122871199007256,2.152857417912152,-0.6241209021590255,-0.7319714748350291,-0.5221223079094905
-1.8123504039348886,0.6615040875036309,1.0276178786872305,0.3648749271027526,-1.3768405379994275,-0.41887792445571814,0.8912548803213849,1.038763835072603,-0.7122871199007256,-0.9123290898224784,0.9954333376207247,3.1504128030739222,-0.5221223079094905
-1.922629962500235,-1.5117064563784892,1.0276178786872305,-0.6632164603507903,-0.601155727858905,-0.41887792445571814,0.8912548803213849,0.9082978467195311,-0.7122871199007256,-0.9123290898224784,0.9954333376207247,-0.7319714748350291,-0.5221223079094905
-1.1506730525428102,0.6615040875036309,0.05593123140456333,-0.6632164603507903,-0.5041951265913397,-0.41887792445571814,0.8912548803213849,0.9082978467195311,-0.7122871199007256,-0.9123290898224784,0.9954333376207247,-0.7319714748350291,-0.5221223079094905
0.39324076737203983,0.6615040875036309,1.0276178786872305,0.4791073034864796,-0.6787242088729573,2.3873303929763807,-1.0040485477479504,0.6908545327977449,-0.7122871199007256,-0.9123290898224784,0.9954333376207247,-0.7319714748350291,-0.5221223079094905
0.5035203259373863,-1.5117064563784892,-0.9157554158781038,2.4210577020098385,0.0581763607605392,-0.41887792445571814,0.8912548803213849,-0.26589604845811443,1.4039282363260677,-0.9123290898224784,-0.6241209021590255,-0.7319714748350291,-0.5221223079094905
0.8343590016334256,-1.5117064563784892,-0.9157554158781038,0.4791073034864796,0.4266266455772874,-0.41887792445571814,-1.0040485477479504,0.4734112188759587,-0.7122871199007256,2.152857417912152,-2.243675141938776,1.2092206641194465,-0.5221223079094905
1.496036353025504,0.6615040875036309,-0.9157554158781038,0.7075720562539336,-1.0277823734361924,2.3873303929763807,0.8912548803213849,-0.3528733740268289,-0.7122871199007256,1.9825692785935614,-0.6241209021590255,1.2092206641194465,1.089851684883365
-0.047877466889345854,-1.5117064563784892,1.0276178786872305,-1.3486107186531522,0.40723452532377435,-0.41887792445571814,-1.0040485477479504,0.7778318583664594,-0.7122871199007256,-0.9123290898224784,0.9954333376207247,-0.7319714748350291,-0.5221223079094905
0.8343590016334256,-1.5117064563784892,-0.9157554158781038,-0.43475170758333626,-0.7175084493799834,-0.41887792445571814,0.8912548803213849,0.6038772072290304,-0.7122871199007256,-0.9123290898224784,0.9954333376207247,-0.7319714748350291,-0.5221223079094905
0.944638560198772,0.6615040875036309,-0.9157554158781038,0.4791073034864796,-1.1441350949572708,-0.41887792445571814,-1.0040485477479504,-0.22240738567375717,1.4039282363260677,2.493433696549333,0.9954333376207247,1.2092206641194465,1.089851684883365
-1.1506730525428102,0.6615040875036309,-0.9157554158781038,-0.6632164603507903,-1.493193259520506,-0.41887792445571814,0.8912548803213849,-0.22240738567375717,1.4039282363260677,1.4717048606377894,-2.243675141938776,-0.7319714748350291,-2.134096300702346
0.8343590016334256,0.6615040875036309,0.05593123140456333,-0.2062869548158823,-0.7369005696334965,2.3873303929763807,-1.0040485477479504,-0.39636203681118615,-0.7122871199007256,-0.9123290898224784,0.9954333376207247,-0.7319714748350291,-0.5221223079094905
-1.0403934939774637,-1.5117064563784892,-0.9157554158781038,0.3648749271027526,-0.19392120253513065,-0.41887792445571814,-1.0040485477479504,0.12550191660110077,1.4039282363260677,-0.7420409505038879,-0.6241209021590255,-0.7319714748350291,-0.5221223079094905
0.2829612088066934,-1.5117064563784892,-0.9157554158781038,-0.2062869548158823,1.1053508544502446,-0.41887792445571814,-1.0040485477479504,0.42992255609160146,-0.7122871199007256,-0.9123290898224784,0.9954333376207247,0.2386245946422087,-0.5221223079094905
-0.1581570254546923,0.6615040875036309,-0.9157554158781038,-0.49186789577519974,0.6981163291264704,-0.41887792445571814,0.8912548803213849,-2.353351862107262,1.4039282363260677,0.7905523033634273,-0.6241209021590255,1.2092206641194465,1.089851684883365
1.1651976773294648,0.6615040875036309,-0.9157554158781038,-1.2343783422694252,0.03878424050702613,-0.41887792445571814,-1.0040485477479504,0.3864338933072442,-0.7122871199007256,-0.4014646718667067,0.9954333376207247,1.2092206641194465,-2.134096300702346
2.3782728215482756,-1.5117064563784892,1.0276178786872305,0.4791073034864796,-0.9502138924221402,-0.41887792445571814,2.78655830839072,-1.44008994363576,-0.7122871199007256,0.024255676429769807,-0.6241209021590255,-0.7319714748350291,-0.5221223079094905
-1.2609526111081566,-1.5117064563784892,1.0276178786872305,-0.5489840839670632,-0.6399399683659311,-0.41887792445571814,0.8912548803213849,0.6908545327977449,-0.7122871199007256,-0.7420409505038879,-0.6241209021590255,-0.7319714748350291,-0.5221223079094905
0.2829612088066934,0.6615040875036309,1.0276178786872305,1.0502691854051145,-2.3270544304215677,2.3873303929763807,0.8912548803213849,1.038763835072603,-0.7122871199007256,-0.7420409505038879,0.9954333376207247,0.2386245946422087,1.089851684883365
-0.047877466889345854,0.6615040875036309,0.05593123140456333,-1.3486107186531522,1.221703575971323,-0.41887792445571814,0.8912548803213849,0.29945656773852974,-0.7122871199007256,-0.9123290898224784,0.9954333376207247,-0.7319714748350291,1.089851684883365
-0.8198343768467709,0.6615040875036309,1.0276178786872305,0.3648749271027526,0.2133133227886437,-0.41887792445571814,-1.0040485477479504,0.29945656773852974,-0.7122871199007256,-0.9123290898224784,0.9954333376207247,-0.7319714748350291,-0.5221223079094905
-0.2684365840200387,0.6615040875036309,1.9993045259698976,-0.7774488367345173,-1.1635272152107838,-0.41887792445571814,-1.0040485477479504,1.778071102406676,-0.7122871199007256,-0.9123290898224784,-0.6241209021590255,-0.7319714748350291,-2.134096300702346
-0.8198343768467709,0.6615040875036309,-0.9157554158781038,-1.2343783422694252,0.5623714873518789,-0.41887792445571814,-1.0040485477479504,-1.3531126180670454,1.4039282363260677,-0.06088839322952556,-0.6241209021590255,0.2386245946422087,-0.5221223079094905
-0.3787161425853851,0.6615040875036309,-0.9157554158781038,0.4791073034864796,1.0277823734361924,-0.41887792445571814,0.8912548803213849,1.038763835072603,1.4039282363260677,0.4499760247262462,0.9954333376207247,-0.7319714748350291,1.089851684883365
0.8343590016334256,0.6615040875036309,0.05593123140456333,-0.6632164603507903,0.6787242088729573,-0.41887792445571814,-1.0040485477479504,-2.005442559832404,-0.7122871199007256,0.2796878854076555,-0.6241209021590255,0.2386245946422087,1.089851684883365
-1.591791286804196,0.6615040875036309,-0.9157554158781038,1.1645015617888415,-0.44601876583080047,-0.41887792445571814,0.8912548803213849,1.3866731373474608,-0.7122871199007256,-0.9123290898224784,0.9954333376207247,-0.7319714748350291,1.089851684883365
-0.047877466889345854,0.6615040875036309,-0.9157554158781038,-1.2343783422694252,-0.7756848101405226,-0.41887792445571814,-1.0040485477479504,-1.787999245910618,1.4039282363260677,-0.9123290898224784,-0.6241209021590255,0.2386245946422087,-0.5221223079094905
-1.1506730525428102,0.6615040875036309,-0.9157554158781038,-1.2343783422694252,-0.9502138924221402,-0.41887792445571814,-1.0040485477479504,1.2127184862100318,-0.7122871199007256,-0.9123290898224784,0.9954333376207247,0.2386245946422087,-0.5221223079094905
-0.1581570254546923,0.6615040875036309,-0.9157554158781038,0.5933396798702066,-0.3878424050702613,-0.41887792445571814,-1.0040485477479504,-1.657533257557546,1.4039282363260677,-0.9123290898224784,0.9954333376207247,-0.7319714748350291,1.089851684883365
-0.7095548182814244,0.6615040875036309,-0.9157554158781038,-0.09205457843215531,0.19392120253513065,2.3873303929763807,-1.0040485477479504,0.03852459103238628,1.4039282363260677,-0.9123290898224784,0.9954333376207247,1.2092206641194465,1.089851684883365
0.2829612088066934,0.6615040875036309,-0.9157554158781038,-1.2343783422694252,1.7258987025626629,-0.41887792445571814,0.8912548803213849,-0.26589604845811443,1.4039282363260677,1.64199299995638,-0.6241209021590255,0.2386245946422087,1.089851684883365
0.5035203259373863,0.6615040875036309,1.0276178786872305,-0.3205193311996093,-0.5429793670983658,2.3873303929763807,0.8912548803213849,-0.6572940135173296,-0.7122871199007256,0.960840442682018,-0.6241209021590255,0.2386245946422087,-2.134096300702346
0.7240794430680791,-1.5117064563784892,-0.9157554158781038,0.7646882444457971,1.1829193354642968,-0.41887792445571814,-1.0040485477479504,-0.1354300601050427,1.4039282363260677,-0.06088839322952556,-0.6241209021590255,-0.7319714748350291,1.089851684883365
0.944638560198772,0.6615040875036309,-0.9157554158781038,-0.09205457843215531,0.1551369620281045,-0.41887792445571814,-1.0040485477479504,-0.09194139732068544,-0.7122871199007256,0.2796878854076555,-0.6241209021590255,0.2386245946422087,1.089851684883365
-1.2609526111081566,0.6615040875036309,-0.9157554158781038,-0.6632164603507903,-1.3380562974924015,-0.41887792445571814,-1.0040485477479504,-1.266135292498331,1.4039282363260677,1.2162726516599036,-0.6241209021590255,-0.7319714748350291,1.089851684883365
-2.8048664310230067,0.6615040875036309,0.05593123140456333,-0.09205457843215531,-0.8144690506475487,-0.41887792445571814,-1.0040485477479504,2.299935055818963,-0.7122871199007256,-0.9123290898224784,0.9954333376207247,-0.7319714748350291,-0.5221223079094905
-1.371232169673503,0.6615040875036309,0.05593123140456333,-0.6632164603507903,0.9502138924221402,-0.41887792445571814,0.8912548803213849,0.5603885444446732,-0.7122871199007256,-0.9123290898224784,0.9954333376207247,-0.7319714748350291,-0.5221223079094905
-0.047877466889345854,0.6615040875036309,0.05593123140456333,-1.3486107186531522,1.221703575971323,-0.41887792445571814,0.8912548803213849,0.29945656773852974,-0.7122871199007256,-0.9123290898224784,0.9954333376207247,-0.7319714748350291,1.089851684883365
-1.1506730525428102,0.6615040875036309,-0.9157554158781038,-0.6632164603507903,-1.493193259520506,-0.41887792445571814,0.8912548803213849,-0.22240738567375717,1.4039282363260677,1.4717048606377894,-2.243675141938776,-0.7319714748350291,-2.134096300702346
0.6137998845027327,0.6615040875036309,-0.9157554158781038,0.7646882444457971,0.6981163291264704,-0.41887792445571814,-1.0040485477479504,-0.30938471124247163,1.4039282363260677,1.4717048606377894,-0.6241209021590255,1.2092206641194465,1.089851684883365
1.1651976773294648,-1.5117064563784892,1.0276178786872305,0.4791073034864796,3.316052563350734,2.3873303929763807,-1.0040485477479504,0.34294523052288695,-0.7122871199007256,-0.2311765325481161,0.9954333376207247,0.2386245946422087,-0.5221223079094905
0.7240794430680791,0.6615040875036309,-0.9157554158781038,-0.6632164603507903,0.2714896835491829,-0.41887792445571814,0.8912548803213849,-0.39636203681118615,1.4039282363260677,2.152857417912152,-0.6241209021590255,0.2386245946422087,1.089851684883365
0.6137998845027327,-1.5117064563784892,1.9993045259698976,1.0502691854051145,-0.1163527215210784,-0.41887792445571814,0.8912548803213849,0.9517865095038883,-0.7122871199007256,-0.14603246288882082,0.9954333376207247,-0.7319714748350291,-0.5221223079094905
1.2754772358948112,0.6615040875036309,-0.9157554158781038,-0.6632164603507903,1.0859587341967316,-0.41887792445571814,-1.0040485477479504,0.08201325381674351,-0.7122871199007256,-0.5717528111852972,-0.6241209021590255,-0.7319714748350291,-0.5221223079094905
-0.1581570254546923,0.6615040875036309,1.0276178786872305,-0.09205457843215531,-0.9502138924221402,2.3873303929763807,-1.0040485477479504,0.12550191660110077,-0.7122871199007256,0.10939974608906498,-2.243675141938776,-0.7319714748350291,-0.5221223079094905
-0.2684365840200387,0.6615040875036309,1.0276178786872305,0.3648749271027526,-0.44601876583080047,-0.41887792445571814,0.8912548803213849,0.8648091839351739,-0.7122871199007256,-0.9123290898224784,0.9954333376207247,3.1504128030739222,-0.5221223079094905
0.2829612088066934,0.6615040875036309,-0.9157554158781038,0.4791073034864796,-1.0471744936897054,-0.41887792445571814,0.8912548803213849,-0.04845273453632821,-0.7122871199007256,-0.5717528111852972,-0.6241209021590255,-0.7319714748350291,-2.134096300702346
0.6137998845027327,-1.5117064563784892,1.9993045259698976,1.0502691854051145,-0.1163527215210784,-0.41887792445571814,0.8912548803213849,0.9517865095038883,-0.7122871199007256,-0.14603246288882082,0.9954333376207247,-0.7319714748350291,-0.5221223079094905
-0.3787161425853851,-1.5117064563784892,1.0276178786872305,-0.09205457843215531,0.19392120253513065,-0.41887792445571814,-1.0040485477479504,-0.004964071751970963,-0.7122871199007256,-0.486608741526002,0.9954333376207247,-0.7319714748350291,-0.5221223079094905
-1.4815117282388495,0.6615040875036309,0.05593123140456333,0.19352636252716215,-0.8338611709010618,-0.41887792445571814,0.8912548803213849,-0.744271339086044,-0.7122871199007256,-0.9123290898224784,-0.6241209021590255,-0.7319714748350291,-2.134096300702346
-0.48899570115073154,0.6615040875036309,1.0276178786872305,-0.14917076662401882,-0.9696060126756533,-0.41887792445571814,0.8912548803213849,0.6038772072290304,-0.7122871199007256,-0.9123290898224784,0.9954333376207247,-0.7319714748350291,-0.5221223079094905
-0.047877466889345854,0.6615040875036309,0.05593123140456333,-1.3486107186531522,1.221703575971323,-0.41887792445571814,0.8912548803213849,0.29945656773852974,-0.7122871199007256,-0.9123290898224784,0.9954333376207247,-0.7319714748350291,1.089851684883365
0.39324076737203983,-1.5117064563784892,-0.9157554158781038,2.1925929492423846,-0.40723452532377435,2.3873303929763807,-1.0040485477479504,-0.1354300601050427,1.4039282363260677,1.4717048606377894,-0.6241209021590255,1.2092206641194465,-2.134096300702346
0.06240209167600057,-1.5117064563784892,0.05593123140456333,0.02217779795157167,1.8616435443372543,-0.41887792445571814,0.8912548803213849,0.7343431955821021,-0.7122871199007256,0.10939974608906498,0.9954333376207247,-0.7319714748350291,-0.5221223079094905
1.0549181187641183,-1.5117064563784892,-0.9157554158781038,2.763754831161019,1.5319775000275322,-0.41887792445571814,0.8912548803213849,0.21247924216981526,1.4039282363260677,-0.9123290898224784,0.9954333376207247,-0.7319714748350291,-0.5221223079094905
-0.8198343768467709,0.6615040875036309,1.0276178786872305,0.3648749271027526,0.2133133227886437,-0.41887792445571814,-1.0040485477479504,0.29945656773852974,-0.7122871199007256,-0.9123290898224784,0.9954333376207247,-0.7319714748350291,-0.5221223079094905
-1.4815117282388495,0.6615040875036309,0.05593123140456333,-1.2343783422694252,-0.2133133227886437,-0.41887792445571814,0.8912548803213849,0.168990579385458,-0.7122871199007256,-0.9123290898224784,0.9954333376207247,-0.7319714748350291,-0.5221223079094905
0.2829612088066934,0.6615040875036309,-0.9157554158781038,1.1645015617888415,0.5429793670983658,-0.41887792445571814,0.8912548803213849,-2.657772501597763,1.4039282363260677,0.10939974608906498,-0.6241209021590255,0.2386245946422087,1.089851684883365
0.944638560198772,-1.5117064563784892,-0.9157554158781038,-0.43475170758333626,-0.9502138924221402,-0.41887792445571814,0.8912548803213849,-0.5703166879486151,1.4039282363260677,-0.9123290898224784,-0.6241209021590255,-0.7319714748350291,-0.5221223079094905
0.7240794430680791,0.6615040875036309,1.9993045259698976,0.13641017433529865,-0.2327054430421568,-0.41887792445571814,0.8912548803213849,-0.17891872288939994,-0.7122871199007256,1.3014167213191992,-0.6241209021590255,1.2092206641194465,-0.5221223079094905
-2.2534686381962743,0.6615040875036309,1.9993045259698976,-0.7774488367345173,-1.241095696224836,-0.41887792445571814,-1.0040485477479504,1.08225249785696,-0.7122871199007256,-0.9123290898224784,0.9954333376207247,-0.7319714748350291,-0.5221223079094905
-0.8198343768467709,0.6615040875036309,-0.9157554158781038,-1.1201459658856983,-0.8144690506475487,-0.41887792445571814,0.8912548803213849,-0.26589604845811443,-0.7122871199007256,-0.8271850201631832,0.9954333376207247,-0.7319714748350291,-0.5221223079094905
-1.591791286804196,0.6615040875036309,-0.9157554158781038,-1.2343783422694252,-1.5319775000275322,-0.41887792445571814,-1.0040485477479504,-1.5270672692044744,1.4039282363260677,0.7905523033634273,-0.6241209021590255,-0.7319714748350291,1.089851684883365
-0.3787161425853851,-1.5117064563784892,1.0276178786872305,-0.6632164603507903,0.9502138924221402,-0.41887792445571814,-1.0040485477479504,0.34294523052288695,-0.7122871199007256,-0.4014646718667067,0.9954333376207247,-0.7319714748350291,-0.5221223079094905
-1.4815117282388495,0.6615040875036309,-0.9157554158781038,-1.2343783422694252,-1.4350168987599667,-0.41887792445571814,-1.0040485477479504,0.3864338933072442,-0.7122871199007256,-0.9123290898224784,0.9954333376207247,-0.7319714748350291,1.089851684883365
-0.2684365840200387,0.6615040875036309,1.9993045259698976,1.1645015617888415,1.0083902531826794,2.3873303929763807,0.8912548803213849,1.2562071489943891,-0.7122871199007256,0.10939974608906498,-0.6241209021590255,-0.7319714748350291,1.089851684883365
-1.7020708453695423,0.6615040875036309,1.0276178786872305,0.4791073034864796,1.45440901901348,-0.41887792445571814,-1.0040485477479504,1.430161800131818,-0.7122871199007256,-0.9123290898224784,0.9954333376207247,-0.7319714748350291,-0.5221223079094905
0.39324076737203983,0.6615040875036309,-0.9157554158781038,-1.0059135895019713,1.3962326582529407,-0.41887792445571814,2.78655830839072,-0.39636203681118615,-0.7122871199007256,2.834009975186514,-2.243675141938776,2.1798167335966845,-2.134096300702346
-0.047877466889345854,0.6615040875036309,0.05593123140456333,3.4491490894633814,0.7175084493799834,-0.41887792445571814,-1.0040485477479504,1.9955144163284622,-0.7122871199007256,-0.9123290898224784,0.9954333376207247,0.2386245946422087,1.089851684883365
0.39324076737203983,0.6615040875036309,-0.9157554158781038,-0.3776355193914728,1.0471744936897054,-0.41887792445571814,-1.0040485477479504,0.9517865095038883,-0.7122871199007256,-0.9123290898224784,0.9954333376207247,1.2092206641194465,1.089851684883365
-0.047877466889345854,0.6615040875036309,1.0276178786872305,-0.6632164603507903,0.2327054430421568,-0.41887792445571814,-1.0040485477479504,-0.09194139732068544,-0.7122871199007256,-0.5717528111852972,-0.6241209021590255,-0.7319714748350291,1.089851684883365
0.944638560198772,0.6615040875036309,-0.9157554158781038,-0.09205457843215531,1.6289381012950974,2.3873303929763807,-1.0040485477479504,-0.744271339086044,1.4039282363260677,0.6202641640448368,0.9954333376207247,2.1798167335966845,1.089851684883365
-0.047877466889345854,0.6615040875036309,0.05593123140456333,-1.3486107186531522,1.221703575971323,-0.41887792445571814,0.8912548803213849,0.29945656773852974,-0.7122871199007256,-0.9123290898224784,0.9954333376207247,-0.7319714748350291,1.089851684883365
-1.591791286804196,0.6615040875036309,1.9993045259698976,0.4791073034864796,-0.911429651915114,-0.41887792445571814,0.8912548803213849,1.2562071489943891,1.4039282363260677,0.2796878854076555,0.9954333376207247,-0.7319714748350291,1.089851684883365
-0.047877466889345854,0.6615040875036309,1.0276178786872305,-0.6632164603507903,0.2327054430421568,-0.41887792445571814,-1.0040485477479504,-0.09194139732068544,-0.7122871199007256,-0.5717528111852972,-0.6241209021590255,-0.7319714748350291,1.089851684883365
1.3857567944601576,-1.5117064563784892,1.0276178786872305,-0.9487974013101077,6.166694240617154,-0.41887792445571814,-1.0040485477479504,0.4734112188759587,-0.7122871199007256,0.4499760247262462,-0.6241209021590255,-0.7319714748350291,1.089851684883365
-1.4815117282388495,0.6615040875036309,0.05593123140456333,-0.6632164603507903,-1.7258987025626629,-0.41887792445571814,0.8912548803213849,1.430161800131818,-0.7122871199007256,-0.9123290898224784,0.9954333376207247,-0.7319714748350291,-0.5221223079094905
2.488552380113622,0.6615040875036309,-0.9157554158781038,-0.3776355193914728,1.1247429747037578,-0.41887792445571814,-1.0040485477479504,0.5603885444446732,1.4039282363260677,-0.9123290898224784,0.9954333376207247,2.1798167335966845,-0.5221223079094905
-0.3787161425853851,0.6615040875036309,1.0276178786872305,-1.80554022418806,-0.4654108860843136,-0.41887792445571814,0.8912548803213849,-0.26589604845811443,1.4039282363260677,0.10939974608906498,-0.6241209021590255,-0.7319714748350291,-0.5221223079094905
2.488552380113622,0.6615040875036309,-0.9157554158781038,-0.3776355193914728,1.1247429747037578,-0.41887792445571814,-1.0040485477479504,0.5603885444446732,1.4039282363260677,-0.9123290898224784,0.9954333376207247,2.1798167335966845,-0.5221223079094905
-0.7095548182814244,0.6615040875036309,-0.9157554158781038,-0.43475170758333626,0.5429793670983658,-0.41887792445571814,-1.0040485477479504,0.7343431955821021,-0.7122871199007256,-0.486608741526002,-0.6241209021590255,-0.7319714748350291,1.089851684883365
0.172681650241347,0.6615040875036309,-0.9157554158781038,-0.3776355193914728,0.0581763607605392,2.3873303929763807,-1.0040485477479504,-0.22240738567375717,1.4039282363260677,0.10939974608906498,-0.6241209021590255,0.2386245946422087,-0.5221223079094905
0.5035203259373863,0.6615040875036309,-0.9157554158781038,2.1925929492423846,1.5513696202810452,-0.41887792445571814,-1.0040485477479504,-0.39636203681118615,1.4039282363260677,1.9825692785935614,-2.243675141938776,-0.7319714748350291,1.089851684883365
0.172681650241347,0.6615040875036309,-0.9157554158781038,0.02217779795157167,-1.20231145571781,-0.41887792445571814,-1.0040485477479504,-1.9184652342636896,1.4039282363260677,0.8756963730227226,-0.6241209021590255,0.2386245946422087,-2.134096300702346
0.2829612088066934,-1.5117064563784892,-0.9157554158781038,-0.6632164603507903,2.0943489873794108,-0.41887792445571814,0.8912548803213849,0.6038772072290304,1.4039282363260677,-0.4014646718667067,0.9954333376207247,-0.7319714748350291,-0.5221223079094905
-1.2609526111081566,0.6615040875036309,1.0276178786872305,-0.09205457843215531,1.3380562974924015,-0.41887792445571814,0.8912548803213849,0.5603885444446732,-0.7122871199007256,0.705408233704132,0.9954333376207247,0.2386245946422087,-0.5221223079094905
-1.0403934939774637,-1.5117064563784892,0.05593123140456333,-1.1201459658856983,-1.6677223418021236,-0.41887792445571814,0.8912548803213849,-0.4833393623799006,-0.7122871199007256,-0.9123290898224784,-0.6241209021590255,-0.7319714748350291,-0.5221223079094905
-1.2609526111081566,0.6615040875036309,-0.9157554158781038,1.0502691854051145,0.019392120253513064,-0.41887792445571814,0.8912548803213849,0.9517865095038883,-0.7122871199007256,0.3648319550669509,0.9954333376207247,-0.7319714748350291,-0.5221223079094905
0.172681650241347,0.6615040875036309,-0.9157554158781038,-0.09205457843215531,0.7175084493799834,2.3873303929763807,-1.0040485477479504,-2.005442559832404,1.4039282363260677,0.4499760247262462,-2.243675141938776,-0.7319714748350291,1.089851684883365
0.172681650241347,0.6615040875036309,0.05593123140456333,-0.6632164603507903,-0.1163527215210784,-0.41887792445571814,0.8912548803213849,0.8648091839351739,-0.7122871199007256,-0.9123290898224784,-2.243675141938776,-0.7319714748350291,-0.5221223079094905
-1.7020708453695423,-1.5117064563784892,1.0276178786872305,-2.148237353339241,-0.911429651915114,-0.41887792445571814,0.8912548803213849,1.2996958117787463,-0.7122871199007256,-0.9123290898224784,0.9954333376207247,-0.7319714748350291,-0.5221223079094905
-0.047877466889345854,0.6615040875036309,-0.9157554158781038,-1.2343783422694252,-0.13574484177459145,-0.41887792445571814,0.8912548803213849,-1.0052033157921876,1.4039282363260677,1.4717048606377894,-0.6241209021590255,0.2386245946422087,1.089851684883365
0.172681650241347,-1.5117064563784892,-0.9157554158781038,3.9060785949982892,0.8144690506475487,2.3873303929763807,-1.0040485477479504,-0.7007826763016869,1.4039282363260677,2.493433696549333,-2.243675141938776,1.2092206641194465,1.089851684883365
0.172681650241347,0.6615040875036309,-0.9157554158781038,-0.09205457843215531,0.7175084493799834,2.3873303929763807,-1.0040485477479504,-2.005442559832404,1.4039282363260677,0.4499760247262462,-2.243675141938776,-0.7319714748350291,1.089851684883365
1.0549181187641183,0.6615040875036309,-0.9157554158781038,-0.6632164603507903,0.0,-0.41887792445571814,-1.0040485477479504,-2.309863199322905,1.4039282363260677,0.960840442682018,-2.243675141938776,0.2386245946422087,-0.5221223079094905
-1.1506730525428102,0.6615040875036309,-0.9157554158781038,-1.2343783422694252,-0.9502138924221402,-0.41887792445571814,-1.0040485477479504,1.2127184862100318,-0.7122871199007256,-0.9123290898224784,0.9954333376207247,0.2386245946422087,-0.5221223079094905
0.172681650241347,-1.5117064563784892,-0.9157554158781038,0.13641017433529865,3.1609156013226296,-0.41887792445571814,-1.0040485477479504,0.03852459103238628,1.4039282363260677,0.705408233704132,-0.6241209021590255,1.2092206641194465,1.089851684883365
0.944638560198772,0.6615040875036309,-0.9157554158781038,0.4791073034864796,-1.1441350949572708,-0.41887792445571814,-1.0040485477479504,-0.22240738567375717,1.4039282363260677,2.493433696549333,0.9954333376207247,1.2092206641194465,1.089851684883365
1.0549181187641183,0.6615040875036309,1.9993045259698976,-1.2343783422694252,-0.6787242088729573,-0.41887792445571814,-1.0040485477479504,-0.22240738567375717,1.4039282363260677,0.6202641640448368,-0.6241209021590255,-0.7319714748350291,-0.5221223079094905
0.6137998845027327,0.6615040875036309,-0.9157554158781038,0.4791073034864796,0.911429651915114,-0.41887792445571814,-1.0040485477479504,0.9082978467195311,-0.7122871199007256,0.10939974608906498,-0.6241209021590255,1.2092206641194465,1.089851684883365
-1.371232169673503,0.6615040875036309,1.0276178786872305,-0.09205457843215531,-1.2798799367318623,-0.41887792445571814,0.8912548803213849,0.03852459103238628,-0.7122871199007256,-0.9123290898224784,0.9954333376207247,-0.7319714748350291,-0.5221223079094905
-1.0403934939774637,0.6615040875036309,0.05593123140456333,-0.2062869548158823,1.20231145571781,-0.41887792445571814,-1.0040485477479504,0.9082978467195311,-0.7122871199007256,-0.9123290898224784,0.9954333376207247,-0.7319714748350291,-0.5221223079094905
0.2829612088066934,0.6615040875036309,-0.9157554158781038,1.9070120082830668,0.8338611709010618,2.3873303929763807,-1.0040485477479504,-1.092180641360902,-0.7122871199007256,-0.06088839322952556,-0.6241209021590255,2.1798167335966845,1.089851684883365
-1.591791286804196,0.6615040875036309,-0.9157554158781038,-1.2343783422694252,-1.5319775000275322,-0.41887792445571814,-1.0040485477479504,-1.5270672692044744,1.4039282363260677,0.7905523033634273,-0.6241209021590255,-0.7319714748350291,1.089851684883365
0.172681650241347,0.6615040875036309,-0.9157554158781038,-0.3776355193914728,0.0581763607605392,2.3873303929763807,-1.0040485477479504,-0.22240738567375717,1.4039282363260677,0.10939974608906498,-0.6241209021590255,0.2386245946422087,-0.5221223079094905
0.944638560198772,0.6615040875036309,-0.9157554158781038,-0.09205457843215531,0.1551369620281045,-0.41887792445571814,-1.0040485477479504,-0.09194139732068544,-0.7122871199007256,0.2796878854076555,-0.6241209021590255,0.2386245946422087,1.089851684883365
1.0549181187641183,0.6615040875036309,1.0276178786872305,-0.3776355193914728,1.221703575971323,-0.41887792445571814,0.8912548803213849,-0.7877600018704013,1.4039282363260677,0.6202641640448368,-0.6241209021590255,-0.7319714748350291,1.089851684883365
-1.4815117282388495,0.6615040875036309,1.0276178786872305,-1.1201459658856983,0.07756848101405225,-0.41887792445571814,0.8912548803213849,1.2996958117787463,-0.7122871199007256,-0.9123290898224784,0.9954333376207247,-0.7319714748350291,-0.5221223079094905
0.172681650241347,0.6615040875036309,0.05593123140456333,-0.09205457843215531,-0.48480300633782664,-0.41887792445571814,-1.0040485477479504,0.6038772072290304,-0.7122871199007256,-0.9123290898224784,0.9954333376207247,-0.7319714748350291,1.089851684883365
1.3857567944601576,-1.5117064563784892,1.0276178786872305,-0.9487974013101077,6.166694240617154,-0.41887792445571814,-1.0040485477479504,0.4734112188759587,-0.7122871199007256,0.4499760247262462,-0.6241209021590255,-0.7319714748350291,1.089851684883365
1.6063159115908505,0.6615040875036309,1.9993045259698976,1.6214310673237495,-0.2327054430421568,2.3873303929763807,-1.0040485477479504,-0.7877600018704013,-0.7122871199007256,-0.8271850201631832,-0.6241209021590255,0.2386245946422087,-0.5221223079094905
1.3857567944601576,0.6615040875036309,-0.9157554158781038,1.6214310673237495,0.7756848101405226,-0.41887792445571814,-1.0040485477479504,-1.787999245910618,1.4039282363260677,0.3648319550669509,-0.6241209021590255,2.1798167335966845,-0.5221223079094905
0.5035203259373863,0.6615040875036309,1.0276178786872305,1.0502691854051145,-0.6593320886194443,2.3873303929763807,0.8912548803213849,0.34294523052288695,-0.7122871199007256,0.4499760247262462,0.9954333376207247,-0.7319714748350291,-0.5221223079094905
0.39324076737203983,0.6615040875036309,-0.9157554158781038,-1.80554022418806,-0.2327054430421568,-0.41887792445571814,0.8912548803213849,0.29945656773852974,-0.7122871199007256,-0.8271850201631832,0.9954333376207247,0.2386245946422087,1.089851684883365
-1.0403934939774637,0.6615040875036309,-0.9157554158781038,-0.9487974013101077,0.2714896835491829,-0.41887792445571814,-1.0040485477479504,1.5606277884848898,-0.7122871199007256,-0.9123290898224784,0.9954333376207247,-0.7319714748350291,-0.5221223079094905
0.6137998845027327,-1.5117064563784892,1.0276178786872305,-1.691307847804333,1.3962326582529407,-0.41887792445571814,0.8912548803213849,0.4734112188759587,-0.7122871199007256,-0.9123290898224784,0.9954333376207247,0.2386245946422087,-0.5221223079094905
-0.48899570115073154,0.6615040875036309,-0.9157554158781038,0.7075720562539336,-0.8920375316616009,-0.41887792445571814,-1.0040485477479504,-1.0052033157921876,1.4039282363260677,-0.14603246288882082,-0.6241209021590255,-0.7319714748350291,1.089851684883365
0.8343590016334256,-1.5117064563784892,-0.9157554158781038,-0.43475170758333626,-0.7175084493799834,-0.41887792445571814,0.8912548803213849,0.6038772072290304,-0.7122871199007256,-0.9123290898224784,0.9954333376207247,-0.7319714748350291,-0.5221223079094905
-2.2534686381962743,0.6615040875036309,1.9993045259698976,-0.7774488367345173,-1.241095696224836,-0.41887792445571814,-1.0040485477479504,1.08225249785696,-0.7122871199007256,-0.9123290898224784,0.9954333376207247,-0.7319714748350291,-0.5221223079094905
-0.2684365840200387,0.6615040875036309,1.9993045259698976,1.1645015617888415,1.0083902531826794,2.3873303929763807,0.8912548803213849,1.2562071489943891,-0.7122871199007256,0.10939974608906498,-0.6241209021590255,-0.7319714748350291,1.089851684883365
1.0549181187641183,0.6615040875036309,1.9993045259698976,2.1925929492423846,-0.36845028481674824,-0.41887792445571814,-1.0040485477479504,0.2559679049541725,-0.7122871199007256,-0.4014646718667067,-0.6241209021590255,-0.7319714748350291,1.089851684883365
1.2754772358948112,-1.5117064563784892,1.0276178786872305,0.8218044326376606,0.620547848112418,-0.41887792445571814,-1.0040485477479504,0.12550191660110077,-0.7122871199007256,-0.9123290898224784,-0.6241209021590255,0.2386245946422087,-0.5221223079094905
-1.371232169673503,0.6615040875036309,1.9993045259698976,0.9360368090213875,-0.03878424050702613,-0.41887792445571814,-1.0040485477479504,1.2562071489943891,-0.7122871199007256,-0.2311765325481161,0.9954333376207247,1.2092206641194465,-0.5221223079094905
0.5035203259373863,0.6615040875036309,1.0276178786872305,-0.3205193311996093,-0.5429793670983658,2.3873303929763807,0.8912548803213849,-0.6572940135173296,-0.7122871199007256,0.960840442682018,-0.6241209021590255,0.2386245946422087,-2.134096300702346
-1.4815117282388495,0.6615040875036309,1.0276178786872305,-1.1201459658856983,0.07756848101405225,-0.41887792445571814,0.8912548803213849,1.2996958117787463,-0.7122871199007256,-0.9123290898224784,0.9954333376207247,-0.7319714748350291,-0.5221223079094905
-1.8123504039348886,0.6615040875036309,1.0276178786872305,0.3648749271027526,-1.3768405379994275,-0.41887792445571814,0.8912548803213849,1.038763835072603,-0.7122871199007256,-0.9123290898224784,0.9954333376207247,3.1504128030739222,-0.5221223079094905
0.8343590016334256,0.6615040875036309,0.05593123140456333,-0.6632164603507903,0.6787242088729573,-0.41887792445571814,-1.0040485477479504,-2.005442559832404,-0.7122871199007256,0.2796878854076555,-0.6241209021590255,0.2386245946422087,1.089851684883365
-1.371232169673503,0.6615040875036309,1.0276178786872305,-0.6632164603507903,-0.1163527215210784,2.3873303929763807,0.8912548803213849,1.952025753544105,-0.7122871199007256,-0.2311765325481161,-2.243675141938776,-0.7319714748350291,1.089851684883365
1.3857567944601576,0.6615040875036309,-0.9157554158781038,-1.80554022418806,1.0277823734361924,-0.41887792445571814,-1.0040485477479504,-1.0486919785765447,1.4039282363260677,-0.14603246288882082,-0.6241209021590255,1.2092206641194465,-0.5221223079094905
-0.48899570115073154,0.6615040875036309,-0.9157554158781038,1.0502691854051145,-0.0581763607605392,-0.41887792445571814,-1.0040485477479504,-0.9182259902234731,-0.7122871199007256,1.3014167213191992,-0.6241209021590255,-0.7319714748350291,1.089851684883365
-1.2609526111081566,0.6615040875036309,1.0276178786872305,-0.09205457843215531,1.3380562974924015,-0.41887792445571814,0.8912548803213849,0.5603885444446732,-0.7122871199007256,0.705408233704132,0.9954333376207247,0.2386245946422087,-0.5221223079094905
-1.0403934939774637,0.6615040875036309,0.05593123140456333,-0.2062869548158823,1.20231145571781,-0.41887792445571814,-1.0040485477479504,0.9082978467195311,-0.7122871199007256,-0.9123290898224784,0.9954333376207247,-0.7319714748350291,-0.5221223079094905
-0.599275259716078,0.6615040875036309,0.05593123140456333,-0.09205457843215531,0.3878424050702613,-0.41887792445571814,0.8912548803213849,0.9517865095038883,-0.7122871199007256,-0.4014646718667067,0.9954333376207247,-0.7319714748350291,-0.5221223079094905
1.1651976773294648,0.6615040875036309,-0.9157554158781038,0.19352636252716215,0.1551369620281045,-0.41887792445571814,-1.0040485477479504,-0.9617146530078303,-0.7122871199007256,1.4717048606377894,-0.6241209021590255,0.2386245946422087,1.089851684883365
-1.4815117282388495,0.6615040875036309,0.05593123140456333,-0.6632164603507903,-1.7258987025626629,-0.41887792445571814,0.8912548803213849,1.430161800131818,-0.7122871199007256,-0.9123290898224784,0.9954333376207247,-0.7319714748350291,-0.5221223079094905
-0.9301139354121173,0.6615040875036309,-0.9157554158781038,0.4791073034864796,1.2604878164783493,-0.41887792445571814,0.8912548803213849,-1.266135292498331,1.4039282363260677,0.6202641640448368,-0.6241209021590255,1.2092206641194465,1.089851684883365
-0.047877466889345854,0.6615040875036309,-0.9157554158781038,-0.5489840839670632,0.7756848101405226,-0.41887792445571814,-1.0040485477479504,-1.44008994363576,1.4039282363260677,1.8122811392749707,-0.6241209021590255,1.2092206641194465,-0.5221223079094905
0.2829612088066934,-1.5117064563784892,0.05593123140456333,-0.09205457843215531,-0.19392120253513065,-0.41887792445571814,-1.0040485477479504,1.08225249785696,-0.7122871199007256,-0.9123290898224784,-0.6241209021590255,0.2386245946422087,-0.5221223079094905
0.944638560198772,0.6615040875036309,-0.9157554158781038,-0.09205457843215531,0.1551369620281045,-0.41887792445571814,-1.0040485477479504,-0.09194139732068544,-0.7122871199007256,0.2796878854076555,-0.6241209021590255,0.2386245946422087,1.089851684883365
1.0549181187641183,0.6615040875036309,1.9993045259698976,-1.2343783422694252,-0.6787242088729573,-0.41887792445571814,-1.0040485477479504,-0.22240738567375717,1.4039282363260677,0.6202641640448368,-0.6241209021590255,-0.7319714748350291,-0.5221223079094905
-1.7020708453695423,-1.5117064563784892,1.0276178786872305,-2.148237353339241,-0.911429651915114,-0.41887792445571814,0.8912548803213849,1.2996958117787463,-0.7122871199007256,-0.9123290898224784,0.9954333376207247,-0.7319714748350291,-0.5221223079094905
-0.3787161425853851,0.6615040875036309,-0.9157554158781038,0.4791073034864796,0.29088180380269596,-0.41887792445571814,-1.0040485477479504,1.604116451269247,1.4039282363260677,-0.9123290898224784,0.9954333376207247,-0.7319714748350291,-0.5221223079094905
-0.047877466889345854,0.6615040875036309,1.0276178786872305,1.0502691854051145,-0.2714896835491829,-0.41887792445571814,-1.0040485477479504,0.6908545327977449,-0.7122871199007256,0.4499760247262462,0.9954333376207247,-0.7319714748350291,1.089851684883365
-0.599275259716078,0.6615040875036309,1.0276178786872305,-0.7774488367345173,-1.8810356645907673,-0.41887792445571814,-1.0040485477479504,-1.0052033157921876,-0.7122871199007256,-0.2311765325481161,0.9954333376207247,2.1798167335966845,-0.5221223079094905
-1.1506730525428102,-1.5117064563784892,1.0276178786872305,-0.7774488367345173,-0.07756848101405225,-0.41887792445571814,0.8912548803213849,-0.004964071751970963,-0.7122871199007256,-0.6568968808445925,-0.6241209021590255,0.2386245946422087,-0.5221223079094905
-0.2684365840200387,0.6615040875036309,0.05593123140456333,-0.2062869548158823,-0.7950769303940357,2.3873303929763807,0.8912548803213849,1.5171391257005324,-0.7122871199007256,-0.9123290898224784,0.9954333376207247,-0.7319714748350291,-0.5221223079094905
1.2754772358948112,-1.5117064563784892,-0.9157554158781038,2.6495224547772924,-0.3490581645632352,2.3873303929763807,0.8912548803213849,0.6908545327977449,1.4039282363260677,-0.06088839322952556,-0.6241209021590255,1.2092206641194465,1.089851684883365
0.39324076737203983,0.6615040875036309,-0.9157554158781038,-0.3776355193914728,1.0471744936897054,-0.41887792445571814,-1.0040485477479504,0.9517865095038883,-0.7122871199007256,-0.9123290898224784,0.9954333376207247,1.2092206641194465,1.089851684883365
0.172681650241347,0.6615040875036309,0.05593123140456333,-0.6632164603507903,-0.19392120253513065,-0.41887792445571814,0.8912548803213849,1.2562071489943891,-0.7122871199007256,-0.2311765325481161,0.9954333376207247,-0.7319714748350291,-0.5221223079094905
0.6137998845027327,0.6615040875036309,-0.9157554158781038,-0.3776355193914728,0.2327054430421568,-0.41887792445571814,-1.0040485477479504,-0.3528733740268289,1.4039282363260677,1.4717048606377894,-0.6241209021590255,0.2386245946422087,1.089851684883365
-1.4815117282388495,-1.5117064563784892,0.05593123140456333,-0.3205193311996093,1.1635272152107838,-0.41887792445571814,0.8912548803213849,0.6038772072290304,-0.7122871199007256,-0.9123290898224784,0.9954333376207247,-0.7319714748350291,-0.5221223079094905
-0.599275259716078,-1.5117064563784892,-0.9157554158781038,-0.09205457843215531,0.44601876583080047,-0.41887792445571814,0.8912548803213849,0.6038772072290304,-0.7122871199007256,-0.9123290898224784,0.9954333376207247,-0.7319714748350291,-0.5221223079094905
1.0549181187641183,0.6615040875036309,1.9993045259698976,2.1925929492423846,-0.36845028481674824,-0.41887792445571814,-1.0040485477479504,0.2559679049541725,-0.7122871199007256,-0.4014646718667067,-0.6241209021590255,-0.7319714748350291,1.089851684883365
-0.599275259716078,0.6615040875036309,1.0276178786872305,-0.7774488367345173,-1.8810356645907673,-0.41887792445571814,-1.0040485477479504,-1.0052033157921876,-0.7122871199007256,-0.2311765325481161,0.9954333376207247,2.1798167335966845,-0.5221223079094905
0.2829612088066934,0.6615040875036309,0.05593123140456333,-0.43475170758333626,0.29088180380269596,-0.41887792445571814,0.8912548803213849,-0.3528733740268289,-0.7122871199007256,-0.6568968808445925,0.9954333376207247,-0.7319714748350291,1.089851684883365
0.6137998845027327,0.6615040875036309,-0.9157554158781038,-0.8345650249263807,-0.310273924056209,2.3873303929763807,0.8912548803213849,0.4734112188759587,1.4039282363260677,0.2796878854076555,0.9954333376207247,1.2092206641194465,1.089851684883365
0.8343590016334256,-1.5117064563784892,-0.9157554158781038,1.0502691854051145,-0.03878424050702613,-0.41887792445571814,0.8912548803213849,0.21247924216981526,1.4039282363260677,0.2796878854076555,-0.6241209021590255,-0.7319714748350291,-0.5221223079094905
-0.047877466889345854,-1.5117064563784892,0.05593123140456333,0.02217779795157167,0.8144690506475487,2.3873303929763807,-1.0040485477479504,0.42992255609160146,1.4039282363260677,-0.9123290898224784,0.9954333376207247,0.2386245946422087,-0.5221223079094905
1.3857567944601576,0.6615040875036309,1.0276178786872305,1.1645015617888415,-0.6593320886194443,-0.41887792445571814,-1.0040485477479504,0.03852459103238628,-0.7122871199007256,-0.2311765325481161,-0.6241209021590255,-0.7319714748350291,1.089851684883365
-1.8123504039348886,0.6615040875036309,1.0276178786872305,0.3648749271027526,-1.3768405379994275,-0.41887792445571814,0.8912548803213849,1.038763835072603,-0.7122871199007256,-0.9123290898224784,0.9954333376207247,3.1504128030739222,-0.5221223079094905
0.6137998845027327,0.6615040875036309,1.0276178786872305,0.4791073034864796,-1.1829193354642968,-0.41887792445571814,-1.0040485477479504,0.2559679049541725,-0.7122871199007256,1.64199299995638,-0.6241209021590255,-0.7319714748350291,-0.5221223079094905
-0.3787161425853851,0.6615040875036309,1.0276178786872305,-0.3776355193914728,-0.019392120253513064,2.3873303929763807,-1.0040485477479504,0.7343431955821021,-0.7122871199007256,1.1311285820006083,-0.6241209021590255,-0.7319714748350291,-0.5221223079094905
-1.1506730525428102,0.6615040875036309,0.05593123140456333,-0.09205457843215531,-0.5235872468448527,-0.41887792445571814,-1.0040485477479504,1.6910937768379615,-0.7122871199007256,-0.9123290898224784,0.9954333376207247,-0.7319714748350291,-0.5221223079094905
-0.047877466889345854,0.6615040875036309,0.05593123140456333,3.4491490894633814,0.7175084493799834,-0.41887792445571814,-1.0040485477479504,1.9955144163284622,-0.7122871199007256,-0.9123290898224784,0.9954333376207247,0.2386245946422087,1.089851684883365
-0.9301139354121173,0.6615040875036309,-0.9157554158781038,0.4791073034864796,1.2604878164783493,-0.41887792445571814,0.8912548803213849,-1.266135292498331,1.4039282363260677,0.6202641640448368,-0.6241209021590255,1.2092206641194465,1.089851684883365
-1.7020708453695423,-1.5117064563784892,1.0276178786872305,0.3648749271027526,-0.5041951265913397,-0.41887792445571814,0.8912548803213849,0.12550191660110077,-0.7122871199007256,-0.9123290898224784,-0.6241209021590255,-0.7319714748350291,-0.5221223079094905
-1.371232169673503,0.6615040875036309,1.0276178786872305,-0.09205457843215531,-1.2798799367318623,-0.41887792445571814,0.8912548803213849,0.03852459103238628,-0.7122871199007256,-0.9123290898224784,0.9954333376207247,-0.7319714748350291,-0.5221223079094905
-0.8198343768467709,0.6615040875036309,-0.9157554158781038,-1.2343783422694252,0.5623714873518789,-0.41887792445571814,-1.0040485477479504,-1.3531126180670454,1.4039282363260677,-0.06088839322952556,-0.6241209021590255,0.2386245946422087,-0.5221223079094905
-1.0403934939774637,-1.5117064563784892,0.05593123140456333,-1.1201459658856983,-1.6677223418021236,-0.41887792445571814,0.8912548803213849,-0.4833393623799006,-0.7122871199007256,-0.9123290898224784,-0.6241209021590255,-0.7319714748350291,-0.5221223079094905
0.06240209167600057,0.6615040875036309,-0.9157554158781038,0.02217779795157167,2.074956867125898,-0.41887792445571814,0.8912548803213849,-0.744271339086044,1.4039282363260677,0.10939974608906498,-0.6241209021590255,0.2386245946422087,1.089851684883365
0.2829612088066934,0.6615040875036309,-0.9157554158781038,1.9070120082830668,0.8338611709010618,2.3873303929763807,-1.0040485477479504,-1.092180641360902,-0.7122871199007256,-0.06088839322952556,-0.6241209021590255,2.1798167335966845,1.089851684883365
-2.143189079630928,0.6615040875036309,-0.9157554158781038,-0.6632164603507903,-0.9308217721686272,-0.41887792445571814,0.8912548803213849,-0.8312486646547586,1.4039282363260677,0.4499760247262462,-0.6241209021590255,-0.7319714748350291,1.089851684883365
0.8343590016334256,-1.5117064563784892,-0.9157554158781038,0.4791073034864796,2.8700337975199335,-0.41887792445571814,-1.0040485477479504,0.34294523052288695,-0.7122871199007256,0.10939974608906498,-0.6241209021590255,-0.7319714748350291,-0.5221223079094905
-2.143189079630928,-1.5117064563784892,-0.9157554158781038,0.3648749271027526,-1.221703575971323,-0.41887792445571814,0.8912548803213849,1.430161800131818,-0.7122871199007256,0.2796878854076555,0.9954333376207247,-0.7319714748350291,-0.5221223079094905
1.0549181187641183,-1.5117064563784892,-0.9157554158781038,2.763754831161019,1.5319775000275322,-0.41887792445571814,0.8912548803213849,0.21247924216981526,1.4039282363260677,-0.9123290898224784,0.9954333376207247,-0.7319714748350291,-0.5221223079094905
-1.8123504039348886,0.6615040875036309,1.9993045259698976,-0.6632164603507903,-0.29088180380269596,-0.41887792445571814,0.8912548803213849,1.430161800131818,1.4039282363260677,2.3231455572307422,-0.6241209021590255,-0.7319714748350291,1.089851684883365
1.2754772358948112,0.6615040875036309,-0.9157554158781038,-0.6632164603507903,1.0859587341967316,-0.41887792445571814,-1.0040485477479504,0.08201325381674351,-0.7122871199007256,-0.5717528111852972,-0.6241209021590255,-0.7319714748350291,-0.5221223079094905
-1.1506730525428102,0.6615040875036309,1.0276178786872305,-0.6632164603507903,-0.3878424050702613,-0.41887792445571814,0.8912548803213849,0.8648091839351739,-0.7122871199007256,-0.9123290898224784,0.9954333376207247,-0.7319714748350291,-0.5221223079094905
-0.047877466889345854,0.6615040875036309,1.0276178786872305,1.0502691854051145,-0.2714896835491829,-0.41887792445571814,-1.0040485477479504,0.6908545327977449,-0.7122871199007256,0.4499760247262462,0.9954333376207247,-0.7319714748350291,1.089851684883365
-0.7095548182814244,0.6615040875036309,-0.9157554158781038,-0.5489840839670632,-0.4654108860843136,-0.41887792445571814,-1.0040485477479504,1.604116451269247,-0.7122871199007256,-0.9123290898224784,0.9954333376207247,-0.7319714748350291,-0.5221223079094905
0.06240209167600057,-1.5117064563784892,0.05593123140456333,0.02217779795157167,1.8616435443372543,-0.41887792445571814,0.8912548803213849,0.7343431955821021,-0.7122871199007256,0.10939974608906498,0.9954333376207247,-0.7319714748350291,-0.5221223079094905
0.39324076737203983,-1.5117064563784892,-0.9157554158781038,2.1925929492423846,-0.40723452532377435,2.3873303929763807,-1.0040485477479504,-0.1354300601050427,1.4039282363260677,1.4717048606377894,-0.6241209021590255,1.2092206641194465,-2.134096300702346
-1.0403934939774637,0.6615040875036309,-0.9157554158781038,-1.5770754714206061,-0.7369005696334965,-0.41887792445571814,-1.0040485477479504,-0.04845273453632821,1.4039282363260677,1.64199299995638,-0.6241209021590255,-0.7319714748350291,-0.5221223079094905
-0.1581570254546923,0.6615040875036309,-0.9157554158781038,-0.49186789577519974,0.6981163291264704,-0.41887792445571814,0.8912548803213849,-2.353351862107262,1.4039282363260677,0.7905523033634273,-0.6241209021590255,1.2092206641194465,1.089851684883365
1.3857567944601576,0.6615040875036309,-0.9157554158781038,-0.6632164603507903,-0.1745290822816176,-0.41887792445571814,0.8912548803213849,-3.3970797689318357,-0.7122871199007256,-0.06088839322952556,-0.6241209021590255,-0.7319714748350291,-0.5221223079094905
0.39324076737203983,0.6615040875036309,1.0276178786872305,0.02217779795157167,-0.4266266455772874,-0.41887792445571814,-1.0040485477479504,1.038763835072603,-0.7122871199007256,1.8122811392749707,0.9954333376207247,1.2092206641194465,1.089851684883365
1.8268750287215434,-1.5117064563784892,1.0276178786872305,-1.2343783422694252,0.36845028481674824,2.3873303929763807,-1.0040485477479504,-0.8312486646547586,-0.7122871199007256,-0.9123290898224784,0.9954333376207247,0.2386245946422087,-0.5221223079094905
-1.2609526111081566,0.6615040875036309,-0.9157554158781038,-1.2343783422694252,-0.6787242088729573,-0.41887792445571814,0.8912548803213849,0.516899881660316,-0.7122871199007256,-0.9123290898224784,0.9954333376207247,-0.7319714748350291,1.089851684883365
-1.1506730525428102,0.6615040875036309,0.05593123140456333,-0.6632164603507903,0.32966604430972213,-0.41887792445571814,0.8912548803213849,1.038763835072603,-0.7122871199007256,-0.9123290898224784,0.9954333376207247,-0.7319714748350291,1.089851684883365
-1.7020708453695423,-1.5117064563784892,1.0276178786872305,0.3648749271027526,-0.5041951265913397,-0.41887792445571814,0.8912548803213849,0.12550191660110077,-0.7122871199007256,-0.9123290898224784,-0.6241209021590255,-0.7319714748350291,-0.5221223079094905
-0.047877466889345854,0.6615040875036309,-0.9157554158781038,-1.2343783422694252,-0.7756848101405226,-0.41887792445571814,-1.0040485477479504,-1.787999245910618,1.4039282363260677,-0.9123290898224784,-0.6241209021590255,0.2386245946422087,-0.5221223079094905
1.2754772358948112,0.6615040875036309,-0.9157554158781038,1.6214310673237495,-0.3490581645632352,-0.41887792445571814,-1.0040485477479504,-0.4833393623799006,-0.7122871199007256,1.045984512341313,0.9954333376207247,-0.7319714748350291,-2.134096300702346
0.172681650241347,0.6615040875036309,-0.9157554158781038,-0.09205457843215531,0.7175084493799834,2.3873303929763807,-1.0040485477479504,-2.005442559832404,1.4039282363260677,0.4499760247262462,-2.243675141938776,-0.7319714748350291,1.089851684883365
0.2829612088066934,0.6615040875036309,-0.9157554158781038,0.02217779795157167,-0.7562926898870095,-0.41887792445571814,0.8912548803213849,0.8213205211508167,1.4039282363260677,-0.9123290898224784,0.9954333376207247,-0.7319714748350291,1.089851684883365
-1.1506730525428102,0.6615040875036309,0.05593123140456333,-0.09205457843215531,-0.5235872468448527,-0.41887792445571814,-1.0040485477479504,1.6910937768379615,-0.7122871199007256,-0.9123290898224784,0.9954333376207247,-0.7319714748350291,-0.5221223079094905
0.06240209167600057,0.6615040875036309,-0.9157554158781038,1.6214310673237495,0.8338611709010618,-0.41887792445571814,-1.0040485477479504,-0.17891872288939994,1.4039282363260677,-0.2311765325481161,-0.6241209021590255,0.2386245946422087,1.089851684883365
-1.4815117282388495,-1.5117064563784892,0.05593123140456333,-1.5199592832287425,-0.9308217721686272,-0.41887792445571814,0.8912548803213849,0.8213205211508167,-0.7122871199007256,-0.9123290898224784,0.9954333376207247,0.2386245946422087,-0.5221223079094905
-1.0403934939774637,-1.5117064563784892,0.05593123140456333,-0.09205457843215531,-0.2327054430421568,-0.41887792445571814,-1.0040485477479504,1.1257411606413172,-0.7122871199007256,-0.4014646718667067,-0.6241209021590255,-0.7319714748350291,-0.5221223079094905
-2.143189079630928,0.6615040875036309,0.05593123140456333,-0.5489840839670632,-1.0471744936897054,-0.41887792445571814,0.8912548803213849,1.08225249785696,-0.7122871199007256,-0.9123290898224784,0.9954333376207247,-0.7319714748350291,-0.5221223079094905
-1.4815117282388495,-1.5117064563784892,0.05593123140456333,-0.09205457843215531,-0.8144690506475487,-0.41887792445571814,-1.0040485477479504,0.9952751722882456,-0.7122871199007256,0.2796878854076555,0.9954333376207247,-0.7319714748350291,-0.5221223079094905
1.0549181187641183,0.6615040875036309,1.9993045259698976,-1.2343783422694252,-0.6787242088729573,-0.41887792445571814,-1.0040485477479504,-0.22240738567375717,1.4039282363260677,0.6202641640448368,-0.6241209021590255,-0.7319714748350291,-0.5221223079094905
0.39324076737203983,0.6615040875036309,1.0276178786872305,0.02217779795157167,-0.4266266455772874,-0.41887792445571814,-1.0040485477479504,1.038763835072603,-0.7122871199007256,1.8122811392749707,0.9954333376207247,1.2092206641194465,1.089851684883365
1.8268750287215434,-1.5117064563784892,1.0276178786872305,-1.2343783422694252,0.36845028481674824,2.3873303929763807,-1.0040485477479504,-0.8312486646547586,-0.7122871199007256,-0.9123290898224784,0.9954333376207247,0.2386245946422087,-0.5221223079094905
1.0549181187641183,-1.5117064563784892,1.0276178786872305,0.4791073034864796,1.2992720569853753,-0.41887792445571814,0.8912548803213849,-0.7007826763016869,-0.7122871199007256,-0.7420409505038879,0.9954333376207247,-0.7319714748350291,1.089851684883365
1.8268750287215434,-1.5117064563784892,0.05593123140456333,1.6214310673237495,1.0859587341967316,-0.41887792445571814,0.8912548803213849,0.5603885444446732,-0.7122871199007256,-0.5717528111852972,0.9954333376207247,1.2092206641194465,-0.5221223079094905
0.39324076737203983,-1.5117064563784892,1.0276178786872305,-0.6632164603507903,1.822859303830228,-0.41887792445571814,0.8912548803213849,0.9952751722882456,-0.7122871199007256,-0.9123290898224784,0.9954333376207247,-0.7319714748350291,-0.5221223079094905
-1.591791286804196,0.6615040875036309,-0.9157554158781038,1.1645015617888415,-0.44601876583080047,-0.41887792445571814,0.8912548803213849,1.3866731373474608,-0.7122871199007256,-0.9123290898224784,0.9954333376207247,-0.7319714748350291,1.089851684883365
-0.2684365840200387,0.6615040875036309,1.0276178786872305,0.3648749271027526,-0.44601876583080047,-0.41887792445571814,0.8912548803213849,0.8648091839351739,-0.7122871199007256,-0.9123290898224784,0.9954333376207247,3.1504128030739222,-0.5221223079094905
0.39324076737203983,0.6615040875036309,-0.9157554158781038,-0.2062869548158823,0.25209756329566985,-0.41887792445571814,-1.0040485477479504,-0.8312486646547586,1.4039282363260677,1.64199299995638,-0.6241209021590255,1.2092206641194465,1.089851684883365
0.7240794430680791,0.6615040875036309,1.0276178786872305,1.0502691854051145,-0.0581763607605392,2.3873303929763807,0.8912548803213849,-0.5268280251642579,1.4039282363260677,-0.06088839322952556,-0.6241209021590255,-0.7319714748350291,-0.5221223079094905
0.5035203259373863,0.6615040875036309,1.0276178786872305,1.0502691854051145,-0.6593320886194443,2.3873303929763807,0.8912548803213849,0.34294523052288695,-0.7122871199007256,0.4499760247262462,0.9954333376207247,-0.7319714748350291,-0.5221223079094905
0.172681650241347,-1.5117064563784892,-0.9157554158781038,3.9060785949982892,0.8144690506475487,2.3873303929763807,-1.0040485477479504,-0.7007826763016869,1.4039282363260677,2.493433696549333,-2.243675141938776,1.2092206641194465,1.089851684883365
1.3857567944601576,0.6615040875036309,-0.9157554158781038,-1.80554022418806,1.0277823734361924,-0.41887792445571814,-1.0040485477479504,-1.0486919785765447,1.4039282363260677,-0.14603246288882082,-0.6241209021590255,1.2092206641194465,-0.5221223079094905
1.3857567944601576,0.6615040875036309,-0.9157554158781038,-0.6632164603507903,-0.1745290822816176,-0.41887792445571814,0.8912548803213849,-3.3970797689318357,-0.7122871199007256,-0.06088839322952556,-0.6241209021590255,-0.7319714748350291,-0.5221223079094905
0.39324076737203983,0.6615040875036309,-0.9157554158781038,1.0502691854051145,0.4654108860843136,-0.41887792445571814,-1.0040485477479504,-1.657533257557546,1.4039282363260677,-0.2311765325481161,0.9954333376207247,-0.7319714748350291,1.089851684883365
-2.143189079630928,0.6615040875036309,0.05593123140456333,-0.5489840839670632,-1.0471744936897054,-0.41887792445571814,0.8912548803213849,1.08225249785696,-0.7122871199007256,-0.9123290898224784,0.9954333376207247,-0.7319714748350291,-0.5221223079094905
-0.2684365840200387,0.6615040875036309,0.05593123140456333,-0.6632164603507903,1.5319775000275322,-0.41887792445571814,0.8912548803213849,0.9952751722882456,-0.7122871199007256,-0.7420409505038879,0.9954333376207247,-0.7319714748350291,-0.5221223079094905
-0.9301139354121173,-1.5117064563784892,0.05593123140456333,-1.5199592832287425,-0.8144690506475487,-0.41887792445571814,0.8912548803213849,0.9952751722882456,-0.7122871199007256,-0.9123290898224784,0.9954333376207247,-0.7319714748350291,-0.5221223079094905
-0.3787161425853851,0.6615040875036309,1.0276178786872305,-2.148237353339241,-0.36845028481674824,-0.41887792445571814,0.8912548803213849,0.21247924216981526,1.4039282363260677,-0.9123290898224784,0.9954333376207247,0.2386245946422087,1.089851684883365
0.06240209167600057,-1.5117064563784892,0.05593123140456333,0.02217779795157167,1.8616435443372543,-0.41887792445571814,0.8912548803213849,0.7343431955821021,-0.7122871199007256,0.10939974608906498,0.9954333376207247,-0.7319714748350291,-0.5221223079094905
0.6137998845027327,0.6615040875036309,-0.9157554158781038,0.7646882444457971,0.6981163291264704,-0.41887792445571814,-1.0040485477479504,-0.30938471124247163,1.4039282363260677,1.4717048606377894,-0.6241209021590255,1.2092206641194465,1.089851684883365
-0.2684365840200387,-1.5117064563784892,1.0276178786872305,0.25064255071902564,-0.9696060126756533,-0.41887792445571814,-1.0040485477479504,0.8648091839351739,-0.7122871199007256,-0.8271850201631832,-0.6241209021590255,-0.7319714748350291,-0.5221223079094905
0.8343590016334256,0.6615040875036309,-0.9157554158781038,-0.6632164603507903,0.40723452532377435,-0.41887792445571814,0.8912548803213849,-2.179397210969833,1.4039282363260677,0.6202641640448368,-0.6241209021590255,1.2092206641194465,1.089851684883365
-1.1506730525428102,-1.5117064563784892,1.0276178786872305,-0.7774488367345173,-0.07756848101405225,-0.41887792445571814,0.8912548803213849,-0.004964071751970963,-0.7122871199007256,-0.6568968808445925,-0.6241209021590255,0.2386245946422087,-0.5221223079094905
-1.1506730525428102,0.6615040875036309,0.05593123140456333,-0.6632164603507903,-0.5041951265913397,-0.41887792445571814,0.8912548803213849,0.9082978467195311,-0.7122871199007256,-0.9123290898224784,0.9954333376207247,-0.7319714748350291,-0.5221223079094905
0.5035203259373863,0.6615040875036309,1.0276178786872305,-0.3205193311996093,-0.5429793670983658,2.3873303929763807,0.8912548803213849,-0.6572940135173296,-0.7122871199007256,0.960840442682018,-0.6241209021590255,0.2386245946422087,-2.134096300702346
0.172681650241347,-1.5117064563784892,0.05593123140456333,0.4791073034864796,0.9308217721686272,-0.41887792445571814,-1.0040485477479504,0.168990579385458,-0.7122871199007256,0.19454381574836033,-0.6241209021590255,-0.7319714748350291,-0.5221223079094905
0.7240794430680791,0.6615040875036309,-0.9157554158781038,-0.6632164603507903,0.2714896835491829,-0.41887792445571814,0.8912548803213849,-0.39636203681118615,1.4039282363260677,2.152857417912152,-0.6241209021590255,0.2386245946422087,1.089851684883365
-0.7095548182814244,0.6615040875036309,-0.9157554158781038,-0.09205457843215531,0.19392120253513065,2.3873303929763807,-1.0040485477479504,0.03852459103238628,1.4039282363260677,-0.9123290898224784,0.9954333376207247,1.2092206641194465,1.089851684883365
1.716595470156197,0.6615040875036309,1.0276178786872305,1.6214310673237495,0.44601876583080047,-0.41887792445571814,0.8912548803213849,-1.614044594773189,1.4039282363260677,1.5568489302970847,-0.6241209021590255,0.2386245946422087,1.089851684883365
2.1577137044175827,-1.5117064563784892,0.05593123140456333,-0.6632164603507903,0.44601876583080047,-0.41887792445571814,-1.0040485477479504,-1.2226466297139738,1.4039282363260677,-0.7420409505038879,0.9954333376207247,0.2386245946422087,-0.5221223079094905
-1.591791286804196,0.6615040875036309,1.9993045259698976,0.4791073034864796,-0.911429651915114,-0.41887792445571814,0.8912548803213849,1.2562071489943891,1.4039282363260677,0.2796878854076555,0.9954333376207247,-0.7319714748350291,1.089851684883365
-1.371232169673503,0.6615040875036309,1.9993045259698976,0.9360368090213875,-0.03878424050702613,-0.41887792445571814,-1.0040485477479504,1.2562071489943891,-0.7122871199007256,-0.2311765325481161,0.9954333376207247,1.2092206641194465,-0.5221223079094905
1.0549181187641183,-1.5117064563784892,1.0276178786872305,0.4791073034864796,1.2992720569853753,-0.41887792445571814,0.8912548803213849,-0.7007826763016869,-0.7122871199007256,-0.7420409505038879,0.9954333376207247,-0.7319714748350291,1.089851684883365
0.944638560198772,-1.5117064563784892,1.0276178786872305,0.19352636252716215,0.1163527215210784,-0.41887792445571814,-1.0040485477479504,0.9952751722882456,-0.7122871199007256,-0.9123290898224784,0.9954333376207247,-0.7319714748350291,-0.5221223079094905
0.5035203259373863,0.6615040875036309,-0.9157554158781038,0.4791073034864796,-1.3380562974924015,-0.41887792445571814,0.8912548803213849,0.5603885444446732,1.4039282363260677,-0.9123290898224784,0.9954333376207247,0.2386245946422087,1.089851684883365
-0.1581570254546923,-1.5117064563784892,1.0276178786872305,-0.2062869548158823,-0.5817636076053919,-0.41887792445571814,-1.0040485477479504,-1.4835786064201173,-0.7122871199007256,-0.9123290898224784,0.9954333376207247,-0.7319714748350291,-3.7460702934952015
-0.1581570254546923,-1.5117064563784892,-0.9157554158781038,-0.09205457843215531,0.3490581645632352,-0.41887792445571814,-1.0040485477479504,-0.26589604845811443,-0.7122871199007256,-0.5717528111852972,-0.6241209021590255,-0.7319714748350291,-0.5221223079094905
-0.7095548182814244,-1.5117064563784892,1.0276178786872305,-0.09205457843215531,0.5623714873518789,-0.41887792445571814,0.8912548803213849,-0.4398506995955434,-0.7122871199007256,-0.7420409505038879,0.9954333376207247,-0.7319714748350291,-0.5221223079094905
-1.0403934939774637,0.6615040875036309,-0.9157554158781038,0.5933396798702066,1.221703575971323,-0.41887792445571814,-1.0040485477479504,-0.09194139732068544,1.4039282363260677,-0.9123290898224784,-0.6241209021590255,2.1798167335966845,1.089851684883365
1.2754772358948112,0.6615040875036309,0.05593123140456333,1.6214310673237495,0.0,-0.41887792445571814,0.8912548803213849,-1.266135292498331,1.4039282363260677,-0.9123290898224784,-0.6241209021590255,2.1798167335966845,-2.134096300702346
-0.7095548182814244,0.6615040875036309,0.05593123140456333,-0.09205457843215531,-0.019392120253513064,-0.41887792445571814,-1.0040485477479504,1.3431844745631036,-0.7122871199007256,-0.7420409505038879,-0.6241209021590255,-0.7319714748350291,-0.5221223079094905
0.172681650241347,-1.5117064563784892,0.05593123140456333,0.4791073034864796,0.9308217721686272,-0.41887792445571814,-1.0040485477479504,0.168990579385458,-0.7122871199007256,0.19454381574836033,-0.6241209021590255,-0.7319714748350291,-0.5221223079094905
-0.047877466889345854,0.6615040875036309,0.05593123140456333,3.4491490894633814,0.7175084493799834,-0.41887792445571814,-1.0040485477479504,1.9955144163284622,-0.7122871199007256,-0.9123290898224784,0.9954333376207247,0.2386245946422087,1.089851684883365
0.2829612088066934,0.6615040875036309,-0.9157554158781038,1.0502691854051145,0.5817636076053919,-0.41887792445571814,-1.0040485477479504,-1.614044594773189,1.4039282363260677,-0.4014646718667067,-0.6241209021590255,0.2386245946422087,-2.134096300702346
1.716595470156197,0.6615040875036309,-0.9157554158781038,-0.09205457843215531,1.473801139266993,-0.41887792445571814,-1.0040485477479504,-1.7445105831262606,-0.7122871199007256,1.1311285820006083,-0.6241209021590255,2.1798167335966845,-0.5221223079094905
-0.1581570254546923,-1.5117064563784892,1.0276178786872305,-0.2062869548158823,-0.5817636076053919,-0.41887792445571814,-1.0040485477479504,-1.4835786064201173,-0.7122871199007256,-0.9123290898224784,0.9954333376207247,-0.7319714748350291,-3.7460702934952015
-1.922629962500235,-1.5117064563784892,1.0276178786872305,-0.6632164603507903,-0.601155727858905,-0.41887792445571814,0.8912548803213849,0.9082978467195311,-0.7122871199007256,-0.9123290898224784,0.9954333376207247,-0.7319714748350291,-0.5221223079094905
0.944638560198772,-1.5117064563784892,-0.9157554158781038,-1.3486107186531522,0.44601876583080047,-0.41887792445571814,0.8912548803213849,0.8648091839351739,1.4039282363260677,0.6202641640448368,-0.6241209021590255,1.2092206641194465,-0.5221223079094905
-1.922629962500235,0.6615040875036309,1.0276178786872305,-0.09205457843215531,0.07756848101405225,-0.41887792445571814,0.8912548803213849,1.6476051140536043,-0.7122871199007256,2.0677133482528562,-2.243675141938776,-0.7319714748350291,-0.5221223079094905
-0.047877466889345854,-1.5117064563784892,1.0276178786872305,-1.2343783422694252,-0.620547848112418,-0.41887792445571814,0.8912548803213849,0.3864338933072442,-0.7122871199007256,0.4499760247262462,-0.6241209021590255,-0.7319714748350291,-0.5221223079094905
0.6137998845027327,0.6615040875036309,-0.9157554158781038,-0.09205457843215531,-0.7756848101405226,-0.41887792445571814,-1.0040485477479504,-0.744271339086044,1.4039282363260677,1.1311285820006083,-0.6241209021590255,1.2092206641194465,1.089851684883365
0.39324076737203983,0.6615040875036309,-0.9157554158781038,1.0502691854051145,0.4654108860843136,-0.41887792445571814,-1.0040485477479504,-1.657533257557546,1.4039282363260677,-0.2311765325481161,0.9954333376207247,-0.7319714748350291,1.089851684883365
0.2829612088066934,0.6615040875036309,1.0276178786872305,1.0502691854051145,-2.3270544304215677,2.3873303929763807,0.8912548803213849,1.038763835072603,-0.7122871199007256,-0.7420409505038879,0.9954333376207247,0.2386245946422087,1.089851684883365
-0.047877466889345854,0.6615040875036309,1.0276178786872305,-0.3776355193914728,0.5235872468448527,-0.41887792445571814,-1.0040485477479504,0.12550191660110077,-0.7122871199007256,-0.486608741526002,-2.243675141938776,0.2386245946422087,-0.5221223079094905
0.172681650241347,0.6615040875036309,1.0276178786872305,-0.09205457843215531,0.19392120253513065,2.3873303929763807,-1.0040485477479504,-0.30938471124247163,1.4039282363260677,-0.4014646718667067,-0.6241209021590255,0.2386245946422087,-2.134096300702346
0.6137998845027327,0.6615040875036309,-0.9157554158781038,-0.09205457843215531,0.13574484177459145,-0.41887792445571814,0.8912548803213849,-0.22240738567375717,1.4039282363260677,0.2796878854076555,0.9954333376207247,0.2386245946422087,1.089851684883365
-1.8123504039348886,0.6615040875036309,1.0276178786872305,0.3648749271027526,-1.3768405379994275,-0.41887792445571814,0.8912548803213849,1.038763835072603,-0.7122871199007256,-0.9123290898224784,0.9954333376207247,3.1504128030739222,-0.5221223079094905
-1.1506730525428102,0.6615040875036309,1.0276178786872305,-0.6632164603507903,-0.3878424050702613,-0.41887792445571814,0.8912548803213849,0.8648091839351739,-0.7122871199007256,-0.9123290898224784,0.9954333376207247,-0.7319714748350291,-0.5221223079094905
1.1651976773294648,-1.5117064563784892,1.0276178786872305,1.335850126364432,0.44601876583080047,-0.41887792445571814,0.8912548803213849,-0.04845273453632821,-0.7122871199007256,-0.2311765325481161,0.9954333376207247,-0.7319714748350291,-0.5221223079094905
-0.2684365840200387,0.6615040875036309,1.0276178786872305,2.3068253256261113,-0.911429651915114,2.3873303929763807,0.8912548803213849,0.5603885444446732,-0.7122871199007256,-0.486608741526002,0.9954333376207247,-0.7319714748350291,1.089851684883365
-1.4815117282388495,0.6615040875036309,0.05593123140456333,-0.6632164603507903,-1.7258987025626629,-0.41887792445571814,0.8912548803213849,1.430161800131818,-0.7122871199007256,-0.9123290898224784,0.9954333376207247,-0.7319714748350291,-0.5221223079094905
1.2754772358948112,0.6615040875036309,0.05593123140456333,1.6214310673237495,0.0,-0.41887792445571814,0.8912548803213849,-1.266135292498331,1.4039282363260677,-0.9123290898224784,-0.6241209021590255,2.1798167335966845,-2.134096300702346
-0.48899570115073154,0.6615040875036309,-0.9157554158781038,1.0502691854051145,-0.0581763607605392,-0.41887792445571814,-1.0040485477479504,-0.9182259902234731,-0.7122871199007256,1.3014167213191992,-0.6241209021590255,-0.7319714748350291,1.089851684883365
-0.047877466889345854,-1.5117064563784892,1.0276178786872305,-1.3486107186531522,0.40723452532377435,-0.41887792445571814,-1.0040485477479504,0.7778318583664594,-0.7122871199007256,-0.9123290898224784,0.9954333376207247,-0.7319714748350291,-0.5221223079094905
-1.2609526111081566,0.6615040875036309,-0.9157554158781038,0.02217779795157167,0.019392120253513064,2.3873303929763807,-1.0040485477479504,-0.26589604845811443,1.4039282363260677,-0.8271850201631832,-0.6241209021590255,3.1504128030739222,1.089851684883365
0.8343590016334256,-1.5117064563784892,1.0276178786872305,-0.09205457843215531,0.32966604430972213,-0.41887792445571814,0.8912548803213849,-2.2663745365385477,-0.7122871199007256,0.10939974608906498,-0.6241209021590255,0.2386245946422087,1.089851684883365
1.2754772358948112,0.6615040875036309,-0.9157554158781038,-0.6632164603507903,1.0859587341967316,-0.41887792445571814,-1.0040485477479504,0.08201325381674351,-0.7122871199007256,-0.5717528111852972,-0.6241209021590255,-0.7319714748350291,-0.5221223079094905
-0.48899570115073154,0.6615040875036309,-0.9157554158781038,0.7075720562539336,-0.8920375316616009,-0.41887792445571814,-1.0040485477479504,-1.0052033157921876,1.4039282363260677,-0.14603246288882082,-0.6241209021590255,-0.7319714748350291,1.089851684883365
0.2829612088066934,0.6615040875036309,-0.9157554158781038,-1.2343783422694252,1.7258987025626629,-0.41887792445571814,0.8912548803213849,-0.26589604845811443,1.4039282363260677,1.64199299995638,-0.6241209021590255,0.2386245946422087,1.089851684883365
0.2829612088066934,0.6615040875036309,-0.9157554158781038,-1.2343783422694252,-0.8726454114080879,-0.41887792445571814,0.8912548803213849,-1.0052033157921876,1.4039282363260677,0.3648319550669509,-0.6241209021590255,-0.7319714748350291,-2.134096300702346
0.2829612088066934,0.6615040875036309,0.05593123140456333,-0.43475170758333626,0.29088180380269596,-0.41887792445571814,0.8912548803213849,-0.3528733740268289,-0.7122871199007256,-0.6568968808445925,0.9954333376207247,-0.7319714748350291,1.089851684883365
-0.9301139354121173,-1.5117064563784892,-0.9157554158781038,0.3648749271027526,-0.0581763607605392,-0.41887792445571814,-1.0040485477479504,0.12550191660110077,1.4039282363260677,-0.9123290898224784,-0.6241209021590255,-0.7319714748350291,-0.5221223079094905
0.5035203259373863,0.6615040875036309,-0.9157554158781038,1.8498958200912035,-1.3574484177459145,2.3873303929763807,-1.0040485477479504,-2.570795176029048,-0.7122871199007256,-0.06088839322952556,-0.6241209021590255,1.2092206641194465,-2.134096300702346
1.3857567944601576,0.6615040875036309,-0.9157554158781038,1.6214310673237495,0.7756848101405226,-0.41887792445571814,-1.0040485477479504,-1.787999245910618,1.4039282363260677,0.3648319550669509,-0.6241209021590255,2.1798167335966845,-0.5221223079094905
0.5035203259373863,0.6615040875036309,1.9993045259698976,0.13641017433529865,-0.8144690506475487,-0.41887792445571814,0.8912548803213849,0.5603885444446732,-0.7122871199007256,-0.2311765325481161,0.9954333376207247,1.2092206641194465,-0.5221223079094905
-0.1581570254546923,-1.5117064563784892,1.0276178786872305,-0.2062869548158823,-0.5817636076053919,-0.41887792445571814,-1.0040485477479504,-1.4835786064201173,-0.7122871199007256,-0.9123290898224784,0.9954333376207247,-0.7319714748350291,-3.7460702934952015
-0.7095548182814244,0.6615040875036309,-0.9157554158781038,-0.5489840839670632,-0.4654108860843136,-0.41887792445571814,-1.0040485477479504,1.604116451269247,-0.7122871199007256,-0.9123290898224784,0.9954333376207247,-0.7319714748350291,-0.5221223079094905
0.8343590016334256,0.6615040875036309,1.0276178786872305,-0.09205457843215531,-0.29088180380269596,-0.41887792445571814,0.8912548803213849,-0.1354300601050427,-0.7122871199007256,0.6202641640448368,-0.6241209021590255,2.1798167335966845,1.089851684883365
-1.2609526111081566,-1.5117064563784892,1.0276178786872305,-0.5489840839670632,-0.6399399683659311,-0.41887792445571814,0.8912548803213849,0.6908545327977449,-0.7122871199007256,-0.7420409505038879,-0.6241209021590255,-0.7319714748350291,-0.5221223079094905
-0.1581570254546923,0.6615040875036309,1.0276178786872305,-0.09205457843215531,0.0,2.3873303929763807,-1.0040485477479504,1.038763835072603,-0.7122871199007256,-0.9123290898224784,0.9954333376207247,2.1798167335966845,-0.5221223079094905
0.2829612088066934,-1.5117064563784892,0.05593123140456333,-0.09205457843215531,-0.19392120253513065,-0.41887792445571814,-1.0040485477479504,1.08225249785696,-0.7122871199007256,-0.9123290898224784,-0.6241209021590255,0.2386245946422087,-0.5221223079094905
-0.1581570254546923,0.6615040875036309,1.0276178786872305,-0.09205457843215531,0.0,2.3873303929763807,-1.0040485477479504,1.038763835072603,-0.7122871199007256,-0.9123290898224784,0.9954333376207247,2.1798167335966845,-0.5221223079094905
0.39324076737203983,0.6615040875036309,1.0276178786872305,-1.1201459658856983,-0.310273924056209,-0.41887792445571814,-1.0040485477479504,0.6908545327977449,-0.7122871199007256,1.2162726516599036,-0.6241209021590255,0.2386245946422087,1.089851684883365
-0.7095548182814244,0.6615040875036309,0.05593123140456333,-1.2343783422694252,-0.32966604430972213,-0.41887792445571814,0.8912548803213849,0.8213205211508167,-0.7122871199007256,-0.06088839322952556,-2.243675141938776,-0.7319714748350291,1.089851684883365
0.39324076737203983,0.6615040875036309,1.0276178786872305,-1.5199592832287425,-0.1163527215210784,-0.41887792445571814,-1.0040485477479504,0.21247924216981526,1.4039282363260677,-0.4014646718667067,-0.6241209021590255,-0.7319714748350291,1.089851684883365
-0.3787161425853851,0.6615040875036309,1.0276178786872305,-1.2343783422694252,-1.3768405379994275,-0.41887792445571814,0.8912548803213849,-1.1356693041452592,-0.7122871199007256,-0.4014646718667067,0.9954333376207247,-0.7319714748350291,-0.5221223079094905
-1.2609526111081566,-1.5117064563784892,-0.9157554158781038,0.02217779795157167,1.842251424083741,2.3873303929763807,-1.0040485477479504,-0.5703166879486151,1.4039282363260677,1.64199299995638,-0.6241209021590255,-0.7319714748350291,1.089851684883365
0.06240209167600057,0.6615040875036309,-0.9157554158781038,0.02217779795157167,2.074956867125898,-0.41887792445571814,0.8912548803213849,-0.744271339086044,1.4039282363260677,0.10939974608906498,-0.6241209021590255,0.2386245946422087,1.089851684883365
-0.047877466889345854,-1.5117064563784892,1.0276178786872305,-1.2343783422694252,-0.620547848112418,-0.41887792445571814,0.8912548803213849,0.3864338933072442,-0.7122871199007256,0.4499760247262462,-0.6241209021590255,-0.7319714748350291,-0.5221223079094905
0.39324076737203983,0.6615040875036309,0.05593123140456333,-0.6632164603507903,0.7369005696334965,-0.41887792445571814,-1.0040485477479504,0.4734112188759587,-0.7122871199007256,0.6202641640448368,-0.6241209021590255,-0.7319714748350291,-0.5221223079094905
-0.9301139354121173,-1.5117064563784892,1.0276178786872305,0.5933396798702066,-1.3380562974924015,-0.41887792445571814,-1.0040485477479504,0.4734112188759587,1.4039282363260677,0.2796878854076555,-2.243675141938776,-0.7319714748350291,-0.5221223079094905
1.2754772358948112,0.6615040875036309,-0.9157554158781038,1.6214310673237495,-0.3490581645632352,-0.41887792445571814,-1.0040485477479504,-0.4833393623799006,-0.7122871199007256,1.045984512341313,0.9954333376207247,-0.7319714748350291,-2.134096300702346
0.5035203259373863,0.6615040875036309,0.05593123140456333,0.4791073034864796,-0.48480300633782664,-0.41887792445571814,0.8912548803213849,0.6473658700133876,1.4039282363260677,-0.9123290898224784,0.9954333376207247,-0.7319714748350291,-0.5221223079094905
1.0549181187641183,-1.5117064563784892,-0.9157554158781038,-0.09205457843215531,1.1053508544502446,-0.41887792445571814,0.8912548803213849,-1.1791579669296166,-0.7122871199007256,0.7905523033634273,-0.6241209021590255,1.2092206641194465,-0.5221223079094905
1.3857567944601576,0.6615040875036309,-0.9157554158781038,-0.6632164603507903,-0.1745290822816176,-0.41887792445571814,0.8912548803213849,-3.3970797689318357,-0.7122871199007256,-0.06088839322952556,-0.6241209021590255,-0.7319714748350291,-0.5221223079094905
-0.2684365840200387,0.6615040875036309,1.9993045259698976,-0.7774488367345173,-1.1635272152107838,-0.41887792445571814,-1.0040485477479504,1.778071102406676,-0.7122871199007256,-0.9123290898224784,-0.6241209021590255,-0.7319714748350291,-2.134096300702346
0.39324076737203983,0.6615040875036309,-0.9157554158781038,0.8218044326376606,-0.5429793670983658,-0.41887792445571814,0.8912548803213849,-1.9184652342636896,-0.7122871199007256,0.7905523033634273,-0.6241209021590255,0.2386245946422087,1.089851684883365
0.39324076737203983,0.6615040875036309,1.0276178786872305,0.02217779795157167,-0.4266266455772874,-0.41887792445571814,-1.0040485477479504,1.038763835072603,-0.7122871199007256,1.8122811392749707,0.9954333376207247,1.2092206641194465,1.089851684883365
0.5035203259373863,0.6615040875036309,-0.9157554158781038,-1.2343783422694252,-0.13574484177459145,-0.41887792445571814,-1.0040485477479504,-0.30938471124247163,1.4039282363260677,0.10939974608906498,-0.6241209021590255,0.2386245946422087,1.089851684883365
0.39324076737203983,0.6615040875036309,-0.9157554158781038,1.0502691854051145,0.4654108860843136,-0.41887792445571814,-1.0040485477479504,-1.657533257557546,1.4039282363260677,-0.2311765325481161,0.9954333376207247,-0.7319714748350291,1.089851684883365
-2.143189079630928,0.6615040875036309,-0.9157554158781038,-0.3205193311996093,0.6981163291264704,-0.41887792445571814,-1.0040485477479504,0.29945656773852974,1.4039282363260677,-0.9123290898224784,0.9954333376207247,-0.7319714748350291,1.089851684883365
-0.3787161425853851,0.6615040875036309,1.0276178786872305,-1.2343783422694252,-1.3768405379994275,-0.41887792445571814,0.8912548803213849,-1.1356693041452592,-0.7122871199007256,-0.4014646718667067,0.9954333376207247,-0.7319714748350291,-0.5221223079094905
-1.371232169673503,-1.5117064563784892,1.0276178786872305,-0.6632164603507903,-0.7175084493799834,-0.41887792445571814,0.8912548803213849,1.038763835072603,-0.7122871199007256,-0.9123290898224784,-0.6241209021590255,-0.7319714748350291,-0.5221223079094905
2.488552380113622,0.6615040875036309,-0.9157554158781038,-0.3776355193914728,1.1247429747037578,-0.41887792445571814,-1.0040485477479504,0.5603885444446732,1.4039282363260677,-0.9123290898224784,0.9954333376207247,2.1798167335966845,-0.5221223079094905
1.0549181187641183,0.6615040875036309,-0.9157554158781038,-0.6632164603507903,0.0,-0.41887792445571814,-1.0040485477479504,-2.309863199322905,1.4039282363260677,0.960840442682018,-2.243675141938776,0.2386245946422087,-0.5221223079094905
0.944638560198772,0.6615040875036309,1.9993045259698976,0.7646882444457971,-0.25209756329566985,2.3873303929763807,-1.0040485477479504,0.03852459103238628,-0.7122871199007256,1.045984512341313,-2.243675141938776,-0.7319714748350291,-2.134096300702346
0.39324076737203983,-1.5117064563784892,0.05593123140456333,0.25064255071902564,1.4156247785064537,2.3873303929763807,-1.0040485477479504,0.12550191660110077,-0.7122871199007256,-0.9123290898224784,0.9954333376207247,1.2092206641194465,-0.5221223079094905
-1.0403934939774637,0.6615040875036309,1.9993045259698976,-1.2343783422694252,0.3490581645632352,-0.41887792445571814,0.8912548803213849,-0.744271339086044,-0.7122871199007256,0.10939974608906498,-0.6241209021590255,-0.7319714748350291,1.089851684883365
-0.3787161425853851,0.6615040875036309,1.0276178786872305,-1.2343783422694252,-1.3768405379994275,-0.41887792445571814,0.8912548803213849,-1.1356693041452592,-0.7122871199007256,-0.4014646718667067,0.9954333376207247,-0.7319714748350291,-0.5221223079094905
0.8343590016334256,-1.5117064563784892,-0.9157554158781038,1.6214310673237495,-1.5901538607880714,-0.41887792445571814,-1.0040485477479504,-0.17891872288939994,-0.7122871199007256,4.366603229053829,-2.243675141938776,2.1798167335966845,1.089851684883365
0.944638560198772,0.6615040875036309,-0.9157554158781038,-0.09205457843215531,1.6289381012950974,2.3873303929763807,-1.0040485477479504,-0.744271339086044,1.4039282363260677,0.6202641640448368,0.9954333376207247,2.1798167335966845,1.089851684883365
1.2754772358948112,-1.5117064563784892,1.0276178786872305,0.8218044326376606,0.620547848112418,-0.41887792445571814,-1.0040485477479504,0.12550191660110077,-0.7122871199007256,-0.9123290898224784,-0.6241209021590255,0.2386245946422087,-0.5221223079094905
1.496036353025504,0.6615040875036309,1.0276178786872305,2.763754831161019,0.5429793670983658,2.3873303929763807,-1.0040485477479504,0.03852459103238628,1.4039282363260677,0.4499760247262462,-0.6241209021590255,-0.7319714748350291,1.089851684883365
-1.591791286804196,0.6615040875036309,-0.9157554158781038,-1.2343783422694252,-1.5319775000275322,-0.41887792445571814,-1.0040485477479504,-1.5270672692044744,1.4039282363260677,0.7905523033634273,-0.6241209021590255,-0.7319714748350291,1.089851684883365
1.2754772358948112,0.6615040875036309,-0.9157554158781038,1.6214310673237495,-0.3490581645632352,-0.41887792445571814,-1.0040485477479504,-0.4833393623799006,-0.7122871199007256,1.045984512341313,0.9954333376207247,-0.7319714748350291,-2.134096300702346
0.944638560198772,0.6615040875036309,1.9993045259698976,0.7646882444457971,-0.25209756329566985,2.3873303929763807,-1.0040485477479504,0.03852459103238628,-0.7122871199007256,1.045984512341313,-2.243675141938776,-0.7319714748350291,-2.134096300702346
-0.599275259716078,0.6615040875036309,1.0276178786872305,-0.6632164603507903,-1.1247429747037578,-0.41887792445571814,0.8912548803213849,-0.4398506995955434,-0.7122871199007256,0.7905523033634273,-0.6241209021590255,2.1798167335966845,1.089851684883365
1.8268750287215434,-1.5117064563784892,-0.9157554158781038,-1.1201459658856983,-1.8810356645907673,-0.41887792445571814,0.8912548803213849,-1.0486919785765447,-0.7122871199007256,0.4499760247262462,-0.6241209021590255,-0.7319714748350291,-0.5221223079094905
1.716595470156197,0.6615040875036309,0.05593123140456333,1.3929663145562954,-0.019392120253513064,-0.41887792445571814,-1.0040485477479504,-0.26589604845811443,-0.7122871199007256,-0.9123290898224784,0.9954333376207247,-0.7319714748350291,-0.5221223079094905
-0.9301139354121173,-1.5117064563784892,0.05593123140456333,-1.5199592832287425,-0.8144690506475487,-0.41887792445571814,0.8912548803213849,0.9952751722882456,-0.7122871199007256,-0.9123290898224784,0.9954333376207247,-0.7319714748350291,-0.5221223079094905
0.7240794430680791,0.6615040875036309,-0.9157554158781038,0.4791073034864796,-0.7562926898870095,-0.41887792445571814,-1.0040485477479504,-0.4833393623799006,1.4039282363260677,0.705408233704132,0.9954333376207247,0.2386245946422087,1.089851684883365
0.172681650241347,0.6615040875036309,1.0276178786872305,-0.09205457843215531,0.19392120253513065,2.3873303929763807,-1.0040485477479504,-0.30938471124247163,1.4039282363260677,-0.4014646718667067,-0.6241209021590255,0.2386245946422087,-2.134096300702346
0.39324076737203983,0.6615040875036309,1.0276178786872305,0.4791073034864796,-0.6787242088729573,2.3873303929763807,-1.0040485477479504,0.6908545327977449,-0.7122871199007256,-0.9123290898224784,0.9954333376207247,-0.7319714748350291,-0.5221223079094905
0.39324076737203983,0.6615040875036309,-0.9157554158781038,-1.80554022418806,-0.2327054430421568,-0.41887792445571814,0.8912548803213849,0.29945656773852974,-0.7122871199007256,-0.8271850201631832,0.9954333376207247,0.2386245946422087,1.089851684883365
-0.9301139354121173,-1.5117064563784892,-0.9157554158781038,0.3648749271027526,-0.0581763607605392,-0.41887792445571814,-1.0040485477479504,0.12550191660110077,1.4039282363260677,-0.9123290898224784,-0.6241209021590255,-0.7319714748350291,-0.5221223079094905
-0.9301139354121173,0.6615040875036309,1.0276178786872305,1.0502691854051145,-0.29088180380269596,-0.41887792445571814,0.8912548803213849,-0.09194139732068544,-0.7122871199007256,2.152857417912152,-0.6241209021590255,-0.7319714748350291,-0.5221223079094905
-1.4815117282388495,-1.5117064563784892,0.05593123140456333,-1.5199592832287425,-0.9308217721686272,-0.41887792445571814,0.8912548803213849,0.8213205211508167,-0.7122871199007256,-0.9123290898224784,0.9954333376207247,0.2386245946422087,-0.5221223079094905
0.172681650241347,0.6615040875036309,-0.9157554158781038,-0.3776355193914728,0.0581763607605392,2.3873303929763807,-1.0040485477479504,-0.22240738567375717,1.4039282363260677,0.10939974608906498,-0.6241209021590255,0.2386245946422087,-0.5221223079094905
0.2829612088066934,0.6615040875036309,-0.9157554158781038,1.0502691854051145,0.5817636076053919,-0.41887792445571814,-1.0040485477479504,-1.614044594773189,1.4039282363260677,-0.4014646718667067,-0.6241209021590255,0.2386245946422087,-2.134096300702346
1.716595470156197,0.6615040875036309,-0.9157554158781038,-0.09205457843215531,1.473801139266993,-0.41887792445571814,-1.0040485477479504,-1.7445105831262606,-0.7122871199007256,1.1311285820006083,-0.6241209021590255,2.1798167335966845,-0.5221223079094905
0.5035203259373863,0.6615040875036309,1.9993045259698976,2.1925929492423846,0.8144690506475487,-0.41887792445571814,-1.0040485477479504,0.42992255609160146,-0.7122871199007256,-0.7420409505038879,-0.6241209021590255,-0.7319714748350291,1.089851684883365
-1.4815117282388495,-1.5117064563784892,0.05593123140456333,-0.09205457843215531,-0.8144690506475487,-0.41887792445571814,-1.0040485477479504,0.9952751722882456,-0.7122871199007256,0.2796878854076555,0.9954333376207247,-0.7319714748350291,-0.5221223079094905
-0.047877466889345854,0.6615040875036309,1.0276178786872305,-0.3776355193914728,0.5235872468448527,-0.41887792445571814,-1.0040485477479504,0.12550191660110077,-0.7122871199007256,-0.486608741526002,-2.243675141938776,0.2386245946422087,-0.5221223079094905
-0.2684365840200387,0.6615040875036309,1.0276178786872305,0.3648749271027526,-0.44601876583080047,-0.41887792445571814,0.8912548803213849,0.8648091839351739,-0.7122871199007256,-0.9123290898224784,0.9954333376207247,3.1504128030739222,-0.5221223079094905
0.8343590016334256,-1.5117064563784892,-0.9157554158781038,-0.43475170758333626,-0.7175084493799834,-0.41887792445571814,0.8912548803213849,0.6038772072290304,-0.7122871199007256,-0.9123290898224784,0.9954333376207247,-0.7319714748350291,-0.5221223079094905
1.1651976773294648,-1.5117064563784892,1.0276178786872305,1.6214310673237495,2.2107017089004892,-0.41887792445571814,-1.0040485477479504,0.08201325381674351,-0.7122871199007256,-0.2311765325481161,0.9954333376207247,-0.7319714748350291,-0.5221223079094905
0.2829612088066934,-1.5117064563784892,-0.9157554158781038,-0.2062869548158823,1.1053508544502446,-0.41887792445571814,-1.0040485477479504,0.42992255609160146,-0.7122871199007256,-0.9123290898224784,0.9954333376207247,0.2386245946422087,-0.5221223079094905
-1.371232169673503,-1.5117064563784892,-0.9157554158781038,-1.691307847804333,0.36845028481674824,-0.41887792445571814,-1.0040485477479504,-1.1791579669296166,-0.7122871199007256,-0.4014646718667067,-0.6241209021590255,-0.7319714748350291,-0.5221223079094905
0.2829612088066934,-1.5117064563784892,-0.9157554158781038,-0.6632164603507903,2.0943489873794108,-0.41887792445571814,0.8912548803213849,0.6038772072290304,1.4039282363260677,-0.4014646718667067,0.9954333376207247,-0.7319714748350291,-0.5221223079094905
0.39324076737203983,-1.5117064563784892,0.05593123140456333,0.25064255071902564,1.4156247785064537,2.3873303929763807,-1.0040485477479504,0.12550191660110077,-0.7122871199007256,-0.9123290898224784,0.9954333376207247,1.2092206641194465,-0.5221223079094905
-1.0403934939774637,0.6615040875036309,-0.9157554158781038,0.5933396798702066,1.221703575971323,-0.41887792445571814,-1.0040485477479504,-0.09194139732068544,1.4039282363260677,-0.9123290898224784,-0.6241209021590255,2.1798167335966845,1.089851684883365
-0.3787161425853851,-1.5117064563784892,-0.9157554158781038,-0.09205457843215531,1.1441350949572708,-0.41887792445571814,0.8912548803213849,-0.30938471124247163,1.4039282363260677,0.10939974608906498,-0.6241209021590255,-0.7319714748350291,1.089851684883365
-0.047877466889345854,-1.5117064563784892,1.0276178786872305,1.6214310673237495,-0.8726454114080879,-0.41887792445571814,0.8912548803213849,0.6038772072290304,-0.7122871199007256,-0.9123290898224784,0.9954333376207247,0.2386245946422087,-0.5221223079094905
0.2829612088066934,0.6615040875036309,1.0276178786872305,1.0502691854051145,-1.512585379774019,-0.41887792445571814,0.8912548803213849,1.08225249785696,-0.7122871199007256,0.4499760247262462,0.9954333376207247,-0.7319714748350291,-0.5221223079094905
-1.2609526111081566,0.6615040875036309,-0.9157554158781038,0.02217779795157167,0.019392120253513064,2.3873303929763807,-1.0040485477479504,-0.26589604845811443,1.4039282363260677,-0.8271850201631832,-0.6241209021590255,3.1504128030739222,1.089851684883365
-0.8198343768467709,0.6615040875036309,1.0276178786872305,-1.3486107186531522,-0.0581763607605392,-0.41887792445571814,0.8912548803213849,0.12550191660110077,-0.7122871199007256,-0.9123290898224784,0.9954333376207247,-0.7319714748350291,-0.5221223079094905
1.3857567944601576,0.6615040875036309,1.0276178786872305,1.1645015617888415,-0.6593320886194443,-0.41887792445571814,-1.0040485477479504,0.03852459103238628,-0.7122871199007256,-0.2311765325481161,-0.6241209021590255,-0.7319714748350291,1.089851684883365
1.1651976773294648,-1.5117064563784892,-0.9157554158781038,1.0502691854051145,-0.40723452532377435,-0.41887792445571814,-1.0040485477479504,-1.5270672692044744,-0.7122871199007256,-0.06088839322952556,-0.6241209021590255,2.1798167335966845,1.089851684883365
0.6137998845027327,-1.5117064563784892,1.0276178786872305,-1.691307847804333,1.3962326582529407,-0.41887792445571814,0.8912548803213849,0.4734112188759587,-0.7122871199007256,-0.9123290898224784,0.9954333376207247,0.2386245946422087,-0.5221223079094905
-1.922629962500235,0.6615040875036309,1.0276178786872305,-0.09205457843215531,0.07756848101405225,-0.41887792445571814,0.8912548803213849,1.6476051140536043,-0.7122871199007256,2.0677133482528562,-2.243675141938776,-0.7319714748350291,-0.5221223079094905
-1.4815117282388495,-1.5117064563784892,1.0276178786872305,-1.1201459658856983,0.4266266455772874,-0.41887792445571814,-1.0040485477479504,0.9952751722882456,1.4039282363260677,-0.9123290898224784,0.9954333376207247,-0.7319714748350291,-0.5221223079094905
0.2829612088066934,-1.5117064563784892,-0.9157554158781038,-0.6632164603507903,2.0943489873794108,-0.41887792445571814,0.8912548803213849,0.6038772072290304,1.4039282363260677,-0.4014646718667067,0.9954333376207247,-0.7319714748350291,-0.5221223079094905
0.5035203259373863,-1.5117064563784892,-0.9157554158781038,2.4210577020098385,0.0581763607605392,-0.41887792445571814,0.8912548803213849,-0.26589604845811443,1.4039282363260677,-0.9123290898224784,-0.6241209021590255,-0.7319714748350291,-0.5221223079094905
1.3857567944601576,0.6615040875036309,-0.9157554158781038,-0.6632164603507903,-0.32966604430972213,-0.41887792445571814,-1.0040485477479504,-0.8747373274391158,1.4039282363260677,1.3014167213191992,-0.6241209021590255,1.2092206641194465,1.089851684883365
-0.8198343768467709,0.6615040875036309,1.0276178786872305,-0.09205457843215531,0.13574484177459145,-0.41887792445571814,0.8912548803213849,1.2996958117787463,-0.7122871199007256,-0.9123290898224784,0.9954333376207247,-0.7319714748350291,-0.5221223079094905
0.39324076737203983,0.6615040875036309,0.05593123140456333,-0.6632164603507903,0.7369005696334965,-0.41887792445571814,-1.0040485477479504,0.4734112188759587,-0.7122871199007256,0.6202641640448368,-0.6241209021590255,-0.7319714748350291,-0.5221223079094905
0.8343590016334256,-1.5117064563784892,-0.9157554158781038,1.0502691854051145,-0.03878424050702613,-0.41887792445571814,0.8912548803213849,0.21247924216981526,1.4039282363260677,0.2796878854076555,-0.6241209021590255,-0.7319714748350291,-0.5221223079094905
0.6137998845027327,0.6615040875036309,-0.9157554158781038,0.4791073034864796,0.911429651915114,-0.41887792445571814,-1.0040485477479504,0.9082978467195311,-0.7122871199007256,0.10939974608906498,-0.6241209021590255,1.2092206641194465,1.089851684883365
0.2829612088066934,0.6615040875036309,-0.9157554158781038,1.1645015617888415,0.5429793670983658,-0.41887792445571814,0.8912548803213849,-2.657772501597763,1.4039282363260677,0.10939974608906498,-0.6241209021590255,0.2386245946422087,1.089851684883365
0.2829612088066934,0.6615040875036309,1.0276178786872305,1.0502691854051145,-1.512585379774019,-0.41887792445571814,0.8912548803213849,1.08225249785696,-0.7122871199007256,0.4499760247262462,0.9954333376207247,-0.7319714748350291,-0.5221223079094905
-0.8198343768467709,0.6615040875036309,1.0276178786872305,-0.09205457843215531,0.13574484177459145,-0.41887792445571814,0.8912548803213849,1.2996958117787463,-0.7122871199007256,-0.9123290898224784,0.9954333376207247,-0.7319714748350291,-0.5221223079094905
-0.2684365840200387,0.6615040875036309,0.05593123140456333,-0.2062869548158823,-0.7950769303940357,2.3873303929763807,0.8912548803213849,1.5171391257005324,-0.7122871199007256,-0.9123290898224784,0.9954333376207247,-0.7319714748350291,-0.5221223079094905
-0.1581570254546923,0.6615040875036309,1.0276178786872305,-0.09205457843215531,0.0,2.3873303929763807,-1.0040485477479504,1.038763835072603,-0.7122871199007256,-0.9123290898224784,0.9954333376207247,2.1798167335966845,-0.5221223079094905
0.06240209167600057,0.6615040875036309,-0.9157554158781038,1.6214310673237495,0.8338611709010618,-0.41887792445571814,-1.0040485477479504,-0.17891872288939994,1.4039282363260677,-0.2311765325481161,-0.6241209021590255,0.2386245946422087,1.089851684883365
-0.3787161425853851,-1.5117064563784892,1.0276178786872305,-0.6632164603507903,0.9502138924221402,-0.41887792445571814,-1.0040485477479504,0.34294523052288695,-0.7122871199007256,-0.4014646718667067,0.9954333376207247,-0.7319714748350291,-0.5221223079094905
-0.2684365840200387,0.6615040875036309,-0.9157554158781038,-1.1201459658856983,-0.310273924056209,-0.41887792445571814,0.8912548803213849,0.4734112188759587,-0.7122871199007256,-0.9123290898224784,0.9954333376207247,0.2386245946422087,-0.5221223079094905
0.944638560198772,-1.5117064563784892,-0.9157554158781038,1.0502691854051145,3.1221313608156036,-0.41887792445571814,-1.0040485477479504,0.21247924216981526,-0.7122871199007256,2.493433696549333,-0.6241209021590255,2.1798167335966845,1.089851684883365
-0.599275259716078,-1.5117064563784892,0.05593123140456333,0.13641017433529865,0.48480300633782664,-0.41887792445571814,0.8912548803213849,0.5603885444446732,-0.7122871199007256,-0.9123290898224784,-0.6241209021590255,-0.7319714748350291,-0.5221223079094905
1.2754772358948112,-1.5117064563784892,-0.9157554158781038,2.6495224547772924,-0.3490581645632352,2.3873303929763807,0.8912548803213849,0.6908545327977449,1.4039282363260677,-0.06088839322952556,-0.6241209021590255,1.2092206641194465,1.089851684883365
-0.599275259716078,-1.5117064563784892,0.05593123140456333,0.13641017433529865,0.48480300633782664,-0.41887792445571814,0.8912548803213849,0.5603885444446732,-0.7122871199007256,-0.9123290898224784,-0.6241209021590255,-0.7319714748350291,-0.5221223079094905
1.1651976773294648,-1.5117064563784892,-0.9157554158781038,1.0502691854051145,-0.40723452532377435,-0.41887792445571814,-1.0040485477479504,-1.5270672692044744,-0.7122871199007256,-0.06088839322952556,-0.6241209021590255,2.1798167335966845,1.089851684883365
1.6063159115908505,0.6615040875036309,1.9993045259698976,1.6214310673237495,-0.2327054430421568,2.3873303929763807,-1.0040485477479504,-0.7877600018704013,-0.7122871199007256,-0.8271850201631832,-0.6241209021590255,0.2386245946422087,-0.5221223079094905
-0.8198343768467709,0.6615040875036309,1.0276178786872305,-1.3486107186531522,-0.0581763607605392,-0.41887792445571814,0.8912548803213849,0.12550191660110077,-0.7122871199007256,-0.9123290898224784,0.9954333376207247,-0.7319714748350291,-0.5221223079094905
-1.7020708453695423,-1.5117064563784892,1.0276178786872305,0.3648749271027526,-0.5041951265913397,-0.41887792445571814,0.8912548803213849,0.12550191660110077,-0.7122871199007256,-0.9123290898224784,-0.6241209021590255,-0.7319714748350291,-0.5221223079094905
-1.2609526111081566,0.6615040875036309,-0.9157554158781038,1.0502691854051145,0.019392120253513064,-0.41887792445571814,0.8912548803213849,0.9517865095038883,-0.7122871199007256,0.3648319550669509,0.9954333376207247,-0.7319714748350291,-0.5221223079094905
-0.3787161425853851,0.6615040875036309,-0.9157554158781038,0.4791073034864796,0.29088180380269596,-0.41887792445571814,-1.0040485477479504,1.604116451269247,1.4039282363260677,-0.9123290898224784,0.9954333376207247,-0.7319714748350291,-0.5221223079094905
1.6063159115908505,0.6615040875036309,1.0276178786872305,0.4791073034864796,0.1551369620281045,-0.41887792445571814,-1.0040485477479504,-0.1354300601050427,-0.7122871199007256,0.7905523033634273,-0.6241209021590255,2.1798167335966845,1.089851684883365
-0.7095548182814244,0.6615040875036309,1.0276178786872305,-0.43475170758333626,0.1745290822816176,2.3873303929763807,0.8912548803213849,1.1257411606413172,-0.7122871199007256,-0.9123290898224784,0.9954333376207247,1.2092206641194465,-0.5221223079094905
-0.2684365840200387,0.6615040875036309,1.9993045259698976,-0.7774488367345173,-1.1635272152107838,-0.41887792445571814,-1.0040485477479504,1.778071102406676,-0.7122871199007256,-0.9123290898224784,-0.6241209021590255,-0.7319714748350291,-2.134096300702346
-1.2609526111081566,0.6615040875036309,-0.9157554158781038,-1.2343783422694252,-0.6787242088729573,-0.41887792445571814,0.8912548803213849,0.516899881660316,-0.7122871199007256,-0.9123290898224784,0.9954333376207247,-0.7319714748350291,1.089851684883365
1.3857567944601576,-1.5117064563784892,1.0276178786872305,-0.9487974013101077,6.166694240617154,-0.41887792445571814,-1.0040485477479504,0.4734112188759587,-0.7122871199007256,0.4499760247262462,-0.6241209021590255,-0.7319714748350291,1.089851684883365
-1.8123504039348886,0.6615040875036309,1.0276178786872305,0.3648749271027526,-1.3768405379994275,-0.41887792445571814,0.8912548803213849,1.038763835072603,-0.7122871199007256,-0.9123290898224784,0.9954333376207247,3.1504128030739222,-0.5221223079094905
-1.1506730525428102,0.6615040875036309,0.05593123140456333,-0.09205457843215531,-0.5235872468448527,-0.41887792445571814,-1.0040485477479504,1.6910937768379615,-0.7122871199007256,-0.9123290898224784,0.9954333376207247,-0.7319714748350291,-0.5221223079094905
-0.8198343768467709,0.6615040875036309,-0.9157554158781038,-1.2343783422694252,0.5623714873518789,-0.41887792445571814,-1.0040485477479504,-1.3531126180670454,1.4039282363260677,-0.06088839322952556,-0.6241209021590255,0.2386245946422087,-0.5221223079094905
0.7240794430680791,0.6615040875036309,1.0276178786872305,1.0502691854051145,-0.0581763607605392,2.3873303929763807,0.8912548803213849,-0.5268280251642579,1.4039282363260677,-0.06088839322952556,-0.6241209021590255,-0.7319714748350291,-0.5221223079094905
1.3857567944601576,0.6615040875036309,-0.9157554158781038,1.6214310673237495,0.7756848101405226,-0.41887792445571814,-1.0040485477479504,-1.787999245910618,1.4039282363260677,0.3648319550669509,-0.6241209021590255,2.1798167335966845,-0.5221223079094905
0.6137998845027327,-1.5117064563784892,1.9993045259698976,1.0502691854051145,-0.1163527215210784,-0.41887792445571814,0.8912548803213849,0.9517865095038883,-0.7122871199007256,-0.14603246288882082,0.9954333376207247,-0.7319714748350291,-0.5221223079094905
1.0549181187641183,-1.5117064563784892,1.0276178786872305,0.4791073034864796,1.2992720569853753,-0.41887792445571814,0.8912548803213849,-0.7007826763016869,-0.7122871199007256,-0.7420409505038879,0.9954333376207247,-0.7319714748350291,1.089851684883365
0.39324076737203983,-1.5117064563784892,-0.9157554158781038,-0.09205457843215531,-0.9502138924221402,-0.41887792445571814,0.8912548803213849,-0.7877600018704013,-0.7122871199007256,-0.4014646718667067,-0.6241209021590255,-0.7319714748350291,-0.5221223079094905
-1.4815117282388495,0.6615040875036309,1.0276178786872305,-0.09205457843215531,-0.620547848112418,-0.41887792445571814,-1.0040485477479504,0.8213205211508167,-0.7122871199007256,0.7905523033634273,-0.6241209021590255,-0.7319714748350291,-0.5221223079094905
-0.7095548182814244,0.6615040875036309,0.05593123140456333,-1.2343783422694252,-0.32966604430972213,-0.41887792445571814,0.8912548803213849,0.8213205211508167,-0.7122871199007256,-0.06088839322952556,-2.243675141938776,-0.7319714748350291,1.089851684883365
0.2829612088066934,0.6615040875036309,1.0276178786872305,1.0502691854051145,-2.3270544304215677,2.3873303929763807,0.8912548803213849,1.038763835072603,-0.7122871199007256,-0.7420409505038879,0.9954333376207247,0.2386245946422087,1.089851684883365
0.2829612088066934,0.6615040875036309,-0.9157554158781038,1.9070120082830668,0.8338611709010618,2.3873303929763807,-1.0040485477479504,-1.092180641360902,-0.7122871199007256,-0.06088839322952556,-0.6241209021590255,2.1798167335966845,1.089851684883365
0.2829612088066934,0.6615040875036309,1.0276178786872305,-0.2062869548158823,-0.32966604430972213,-0.41887792445571814,-1.0040485477479504,0.03852459103238628,-0.7122871199007256,-0.5717528111852972,-0.6241209021590255,0.2386245946422087,1.089851684883365
-1.7020708453695423,0.6615040875036309,1.0276178786872305,0.4791073034864796,1.45440901901348,-0.41887792445571814,-1.0040485477479504,1.430161800131818,-0.7122871199007256,-0.9123290898224784,0.9954333376207247,-0.7319714748350291,-0.5221223079094905
0.39324076737203983,0.6615040875036309,-0.9157554158781038,-0.2062869548158823,-0.5817636076053919,-0.41887792445571814,-1.0040485477479504,-0.7877600018704013,1.4039282363260677,0.960840442682018,-0.6241209021590255,2.1798167335966845,1.089851684883365
-0.3787161425853851,-1.5117064563784892,-0.9157554158781038,-0.09205457843215531,1.1441350949572708,-0.41887792445571814,0.8912548803213849,-0.30938471124247163,1.4039282363260677,0.10939974608906498,-0.6241209021590255,-0.7319714748350291,1.089851684883365
0.944638560198772,-1.5117064563784892,-0.9157554158781038,1.0502691854051145,3.1221313608156036,-0.41887792445571814,-1.0040485477479504,0.21247924216981526,-0.7122871199007256,2.493433696549333,-0.6241209021590255,2.1798167335966845,1.089851684883365
-0.3787161425853851,0.6615040875036309,-0.9157554158781038,0.4791073034864796,1.0083902531826794,-0.41887792445571814,0.8912548803213849,-1.1791579669296166,1.4039282363260677,2.6637218358679235,-0.6241209021590255,2.1798167335966845,1.089851684883365
-2.143189079630928,0.6615040875036309,0.05593123140456333,-0.5489840839670632,-1.0471744936897054,-0.41887792445571814,0.8912548803213849,1.08225249785696,-0.7122871199007256,-0.9123290898224784,0.9954333376207247,-0.7319714748350291,-0.5221223079094905
1.1651976773294648,0.6615040875036309,-0.9157554158781038,-1.2343783422694252,0.03878424050702613,-0.41887792445571814,-1.0040485477479504,0.3864338933072442,-0.7122871199007256,-0.4014646718667067,0.9954333376207247,1.2092206641194465,-2.134096300702346
0.8343590016334256,0.6615040875036309,0.05593123140456333,-0.6632164603507903,0.6787242088729573,-0.41887792445571814,-1.0040485477479504,-2.005442559832404,-0.7122871199007256,0.2796878854076555,-0.6241209021590255,0.2386245946422087,1.089851684883365
-1.4815117282388495,0.6615040875036309,-0.9157554158781038,-1.2343783422694252,-1.4350168987599667,-0.41887792445571814,-1.0040485477479504,0.3864338933072442,-0.7122871199007256,-0.9123290898224784,0.9954333376207247,-0.7319714748350291,1.089851684883365
1.1651976773294648,0.6615040875036309,-0.9157554158781038,0.19352636252716215,0.1551369620281045,-0.41887792445571814,-1.0040485477479504,-0.9617146530078303,-0.7122871199007256,1.4717048606377894,-0.6241209021590255,0.2386245946422087,1.089851684883365
-0.047877466889345854,-1.5117064563784892,0.05593123140456333,0.02217779795157167,0.8144690506475487,2.3873303929763807,-1.0040485477479504,0.42992255609160146,1.4039282363260677,-0.9123290898224784,0.9954333376207247,0.2386245946422087,-0.5221223079094905
0.7240794430680791,0.6615040875036309,1.0276178786872305,1.0502691854051145,-0.0581763607605392,2.3873303929763807,0.8912548803213849,-0.5268280251642579,1.4039282363260677,-0.06088839322952556,-0.6241209021590255,-0.7319714748350291,-0.5221223079094905
0.2829612088066934,-1.5117064563784892,-0.9157554158781038,-0.2062869548158823,1.1053508544502446,-0.41887792445571814,-1.0040485477479504,0.42992255609160146,-0.7122871199007256,-0.9123290898224784,0.9954333376207247,0.2386245946422087,-0.5221223079094905
0.2829612088066934,0.6615040875036309,1.0276178786872305,1.0502691854051145,-1.512585379774019,-0.41887792445571814,0.8912548803213849,1.08225249785696,-0.7122871199007256,0.4499760247262462,0.9954333376207247,-0.7319714748350291,-0.5221223079094905
1.0549181187641183,0.6615040875036309,1.0276178786872305,-0.3776355193914728,1.221703575971323,-0.41887792445571814,0.8912548803213849,-0.7877600018704013,1.4039282363260677,0.6202641640448368,-0.6241209021590255,-0.7319714748350291,1.089851684883365
0.06240209167600057,0.6615040875036309,-0.9157554158781038,0.02217779795157167,2.074956867125898,-0.41887792445571814,0.8912548803213849,-0.744271339086044,1.4039282363260677,0.10939974608906498,-0.6241209021590255,0.2386245946422087,1.089851684883365
-0.3787161425853851,0.6615040875036309,1.0276178786872305,-0.3776355193914728,-0.019392120253513064,2.3873303929763807,-1.0040485477479504,0.7343431955821021,-0.7122871199007256,1.1311285820006083,-0.6241209021590255,-0.7319714748350291,-0.5221223079094905
0.5035203259373863,0.6615040875036309,-0.9157554158781038,0.19352636252716215,-0.2327054430421568,-0.41887792445571814,0.8912548803213849,0.516899881660316,-0.7122871199007256,-0.486608741526002,-0.6241209021590255,-0.7319714748350291,1.089851684883365
1.496036353025504,0.6615040875036309,1.0276178786872305,2.763754831161019,0.5429793670983658,2.3873303929763807,-1.0040485477479504,0.03852459103238628,1.4039282363260677,0.4499760247262462,-0.6241209021590255,-0.7319714748350291,1.089851684883365
0.2829612088066934,0.6615040875036309,0.05593123140456333,1.2787339381725684,-0.2714896835491829,-0.41887792445571814,-1.0040485477479504,0.6473658700133876,-0.7122871199007256,-0.9123290898224784,0.9954333376207247,0.2386245946422087,-0.5221223079094905
-0.047877466889345854,0.6615040875036309,-0.9157554158781038,0.4791073034864796,-0.13574484177459145,-0.41887792445571814,0.8912548803213849,0.4734112188759587,-0.7122871199007256,0.10939974608906498,0.9954333376207247,-0.7319714748350291,-0.5221223079094905
-0.9301139354121173,-1.5117064563784892,1.0276178786872305,0.5933396798702066,-1.3380562974924015,-0.41887792445571814,-1.0040485477479504,0.4734112188759587,1.4039282363260677,0.2796878854076555,-2.243675141938776,-0.7319714748350291,-0.5221223079094905
1.8268750287215434,-1.5117064563784892,-0.9157554158781038,-1.1201459658856983,-1.8810356645907673,-0.41887792445571814,0.8912548803213849,-1.0486919785765447,-0.7122871199007256,0.4499760247262462,-0.6241209021590255,-0.7319714748350291,-0.5221223079094905
-2.143189079630928,-1.5117064563784892,-0.9157554158781038,0.3648749271027526,-1.221703575971323,-0.41887792445571814,0.8912548803213849,1.430161800131818,-0.7122871199007256,0.2796878854076555,0.9954333376207247,-0.7319714748350291,-0.5221223079094905
-0.9301139354121173,-1.5117064563784892,1.0276178786872305,0.5933396798702066,-1.3380562974924015,-0.41887792445571814,-1.0040485477479504,0.4734112188759587,1.4039282363260677,0.2796878854076555,-2.243675141938776,-0.7319714748350291,-0.5221223079094905
-1.0403934939774637,-1.5117064563784892,0.05593123140456333,-0.09205457843215531,-0.2327054430421568,-0.41887792445571814,-1.0040485477479504,1.1257411606413172,-0.7122871199007256,-0.4014646718667067,-0.6241209021590255,-0.7319714748350291,-0.5221223079094905
-0.8198343768467709,0.6615040875036309,1.0276178786872305,-1.3486107186531522,-0.0581763607605392,-0.41887792445571814,0.8912548803213849,0.12550191660110077,-0.7122871199007256,-0.9123290898224784,0.9954333376207247,-0.7319714748350291,-0.5221223079094905
-1.1506730525428102,-1.5117064563784892,1.0276178786872305,-0.7774488367345173,-0.07756848101405225,-0.41887792445571814,0.8912548803213849,-0.004964071751970963,-0.7122871199007256,-0.6568968808445925,-0.6241209021590255,0.2386245946422087,-0.5221223079094905
0.7240794430680791,0.6615040875036309,-0.9157554158781038,-0.6632164603507903,0.2714896835491829,-0.41887792445571814,0.8912548803213849,-0.39636203681118615,1.4039282363260677,2.152857417912152,-0.6241209021590255,0.2386245946422087,1.089851684883365
-1.4815117282388495,-1.5117064563784892,0.05593123140456333,-0.09205457843215531,-0.8144690506475487,-0.41887792445571814,-1.0040485477479504,0.9952751722882456,-0.7122871199007256,0.2796878854076555,0.9954333376207247,-0.7319714748350291,-0.5221223079094905
0.172681650241347,-1.5117064563784892,-0.9157554158781038,3.9060785949982892,0.8144690506475487,2.3873303929763807,-1.0040485477479504,-0.7007826763016869,1.4039282363260677,2.493433696549333,-2.243675141938776,1.2092206641194465,1.089851684883365
0.06240209167600057,-1.5117064563784892,-0.9157554158781038,2.763754831161019,1.5707617405345582,-0.41887792445571814,2.78655830839072,-1.3966012808514028,1.4039282363260677,1.9825692785935614,-0.6241209021590255,-0.7319714748350291,-0.5221223079094905
-0.047877466889345854,-1.5117064563784892,0.05593123140456333,0.02217779795157167,0.8144690506475487,2.3873303929763807,-1.0040485477479504,0.42992255609160146,1.4039282363260677,-0.9123290898224784,0.9954333376207247,0.2386245946422087,-0.5221223079094905
-1.2609526111081566,0.6615040875036309,-0.9157554158781038,-0.6632164603507903,-1.3380562974924015,-0.41887792445571814,-1.0040485477479504,-1.266135292498331,1.4039282363260677,1.2162726516599036,-0.6241209021590255,-0.7319714748350291,1.089851684883365
-1.1506730525428102,0.6615040875036309,-0.9157554158781038,-1.1201459658856983,0.8532532911545748,-0.41887792445571814,-1.0040485477479504,0.168990579385458,-0.7122871199007256,-0.9123290898224784,0.9954333376207247,0.2386245946422087,-0.5221223079094905
-0.047877466889345854,0.6615040875036309,-0.9157554158781038,-1.2343783422694252,-0.7756848101405226,-0.41887792445571814,-1.0040485477479504,-1.787999245910618,1.4039282363260677,-0.9123290898224784,-0.6241209021590255,0.2386245946422087,-0.5221223079094905
-1.1506730525428102,0.6615040875036309,0.05593123140456333,-0.6632164603507903,-0.5041951265913397,-0.41887792445571814,0.8912548803213849,0.9082978467195311,-0.7122871199007256,-0.9123290898224784,0.9954333376207247,-0.7319714748350291,-0.5221223079094905
-0.599275259716078,0.6615040875036309,1.0276178786872305,-0.6632164603507903,-1.1247429747037578,-0.41887792445571814,0.8912548803213849,-0.4398506995955434,-0.7122871199007256,0.7905523033634273,-0.6241209021590255,2.1798167335966845,1.089851684883365
0.6137998845027327,0.6615040875036309,-0.9157554158781038,-0.09205457843215531,-0.7756848101405226,-0.41887792445571814,-1.0040485477479504,-0.744271339086044,1.4039282363260677,1.1311285820006083,-0.6241209021590255,1.2092206641194465,1.089851684883365
-1.4815117282388495,-1.5117064563784892,0.05593123140456333,-1.5199592832287425,-0.9308217721686272,-0.41887792445571814,0.8912548803213849,0.8213205211508167,-0.7122871199007256,-0.9123290898224784,0.9954333376207247,0.2386245946422087,-0.5221223079094905
-0.599275259716078,0.6615040875036309,1.0276178786872305,-0.6632164603507903,-1.1247429747037578,-0.41887792445571814,0.8912548803213849,-0.4398506995955434,-0.7122871199007256,0.7905523033634273,-0.6241209021590255,2.1798167335966845,1.089851684883365
0.7240794430680791,0.6615040875036309,-0.9157554158781038,0.9360368090213875,-0.8338611709010618,-0.41887792445571814,0.8912548803213849,0.516899881660316,-0.7122871199007256,-0.9123290898224784,0.9954333376207247,0.2386245946422087,1.089851684883365
0.5035203259373863,0.6615040875036309,-0.9157554158781038,0.4791073034864796,-1.3380562974924015,-0.41887792445571814,0.8912548803213849,0.5603885444446732,1.4039282363260677,-0.9123290898224784,0.9954333376207247,0.2386245946422087,1.089851684883365
0.39324076737203983,0.6615040875036309,0.05593123140456333,-0.3776355193914728,-0.5041951265913397,-0.41887792445571814,0.8912548803213849,-0.22240738567375717,-0.7122871199007256,-0.5717528111852972,-0.6241209021590255,3.1504128030739222,1.089851684883365
1.3857567944601576,-1.5117064563784892,1.0276178786872305,1.1645015617888415,0.601155727858905,-0.41887792445571814,0.8912548803213849,0.9952751722882456,-0.7122871199007256,-0.9123290898224784,0.9954333376207247,0.2386245946422087,-0.5221223079094905
0.7240794430680791,0.6615040875036309,-0.9157554158781038,0.9360368090213875,-0.8338611709010618,-0.41887792445571814,0.8912548803213849,0.516899881660316,-0.7122871199007256,-0.9123290898224784,0.9954333376207247,0.2386245946422087,1.089851684883365
0.39324076737203983,0.6615040875036309,1.0276178786872305,-1.1201459658856983,-0.310273924056209,-0.41887792445571814,-1.0040485477479504,0.6908545327977449,-0.7122871199007256,1.2162726516599036,-0.6241209021590255,0.2386245946422087,1.089851684883365
-0.3787161425853851,-1.5117064563784892,1.0276178786872305,-0.09205457843215531,0.19392120253513065,-0.41887792445571814,-1.0040485477479504,-0.004964071751970963,-0.7122871199007256,-0.486608741526002,0.9954333376207247,-0.7319714748350291,-0.5221223079094905
0.8343590016334256,-1.5117064563784892,-0.9157554158781038,1.6214310673237495,-1.5901538607880714,-0.41887792445571814,-1.0040485477479504,-0.17891872288939994,-0.7122871199007256,4.366603229053829,-2.243675141938776,2.1798167335966845,1.089851684883365
0.8343590016334256,-1.5117064563784892,-0.9157554158781038,-0.43475170758333626,-0.7175084493799834,-0.41887792445571814,0.8912548803213849,0.6038772072290304,-0.7122871199007256,-0.9123290898224784,0.9954333376207247,-0.7319714748350291,-0.5221223079094905
0.5035203259373863,0.6615040875036309,1.9993045259698976,2.6495224547772924,0.4654108860843136,-0.41887792445571814,-1.0040485477479504,-0.17891872288939994,-0.7122871199007256,2.6637218358679235,-2.243675141938776,-0.7319714748350291,1.089851684883365
1.6063159115908505,0.6615040875036309,1.9993045259698976,1.6214310673237495,-0.2327054430421568,2.3873303929763807,-1.0040485477479504,-0.7877600018704013,-0.7122871199007256,-0.8271850201631832,-0.6241209021590255,0.2386245946422087,-0.5221223079094905
0.6137998845027327,-1.5117064563784892,-0.9157554158781038,1.0502691854051145,0.2327054430421568,-0.41887792445571814,-1.0040485477479504,0.34294523052288695,-0.7122871199007256,1.3014167213191992,-0.6241209021590255,1.2092206641194465,1.089851684883365
1.1651976773294648,-1.5117064563784892,1.0276178786872305,1.335850126364432,0.44601876583080047,-0.41887792445571814,0.8912548803213849,-0.04845273453632821,-0.7122871199007256,-0.2311765325481161,0.9954333376207247,-0.7319714748350291,-0.5221223079094905
0.944638560198772,-1.5117064563784892,-0.9157554158781038,-0.43475170758333626,-0.9502138924221402,-0.41887792445571814,0.8912548803213849,-0.5703166879486151,1.4039282363260677,-0.9123290898224784,-0.6241209021590255,-0.7319714748350291,-0.5221223079094905
-0.1581570254546923,-1.5117064563784892,-0.9157554158781038,0.3648749271027526,-0.2327054430421568,-0.41887792445571814,-1.0040485477479504,0.4734112188759587,-0.7122871199007256,-0.9123290898224784,0.9954333376207247,-0.7319714748350291,-0.5221223079094905
-0.047877466889345854,-1.5117064563784892,1.0276178786872305,-1.3486107186531522,0.40723452532377435,-0.41887792445571814,-1.0040485477479504,0.7778318583664594,-0.7122871199007256,-0.9123290898224784,0.9954333376207247,-0.7319714748350291,-0.5221223079094905
2.3782728215482756,-1.5117064563784892,1.0276178786872305,0.4791073034864796,-0.9502138924221402,-0.41887792445571814,2.78655830839072,-1.44008994363576,-0.7122871199007256,0.024255676429769807,-0.6241209021590255,-0.7319714748350291,-0.5221223079094905
-0.48899570115073154,-1.5117064563784892,1.0276178786872305,-0.6632164603507903,-0.5235872468448527,-0.41887792445571814,0.8912548803213849,0.3864338933072442,-0.7122871199007256,0.4499760247262462,-0.6241209021590255,-0.7319714748350291,-0.5221223079094905
-0.2684365840200387,0.6615040875036309,0.05593123140456333,-0.6632164603507903,1.5319775000275322,-0.41887792445571814,0.8912548803213849,0.9952751722882456,-0.7122871199007256,-0.7420409505038879,0.9954333376207247,-0.7319714748350291,-0.5221223079094905
-0.9301139354121173,0.6615040875036309,-0.9157554158781038,-0.6632164603507903,0.0581763607605392,-0.41887792445571814,-1.0040485477479504,-0.22240738567375717,-0.7122871199007256,-0.2311765325481161,0.9954333376207247,-0.7319714748350291,1.089851684883365
1.0549181187641183,0.6615040875036309,1.9993045259698976,2.1925929492423846,-0.36845028481674824,-0.41887792445571814,-1.0040485477479504,0.2559679049541725,-0.7122871199007256,-0.4014646718667067,-0.6241209021590255,-0.7319714748350291,1.089851684883365
0.39324076737203983,0.6615040875036309,-0.9157554158781038,-0.2062869548158823,0.25209756329566985,-0.41887792445571814,-1.0040485477479504,-0.8312486646547586,1.4039282363260677,1.64199299995638,-0.6241209021590255,1.2092206641194465,1.089851684883365
-1.1506730525428102,0.6615040875036309,1.0276178786872305,0.4791073034864796,-0.2133133227886437,-0.41887792445571814,-1.0040485477479504,1.3431844745631036,-0.7122871199007256,-0.9123290898224784,0.9954333376207247,-0.7319714748350291,-0.5221223079094905
0.8343590016334256,-1.5117064563784892,-0.9157554158781038,0.4791073034864796,2.8700337975199335,-0.41887792445571814,-1.0040485477479504,0.34294523052288695,-0.7122871199007256,0.10939974608906498,-0.6241209021590255,-0.7319714748350291,-0.5221223079094905
0.5035203259373863,0.6615040875036309,1.9993045259698976,0.13641017433529865,-0.8144690506475487,-0.41887792445571814,0.8912548803213849,0.5603885444446732,-0.7122871199007256,-0.2311765325481161,0.9954333376207247,1.2092206641194465,-0.5221223079094905
-0.047877466889345854,0.6615040875036309,1.0276178786872305,-0.3776355193914728,0.5235872468448527,-0.41887792445571814,-1.0040485477479504,0.12550191660110077,-0.7122871199007256,-0.486608741526002,-2.243675141938776,0.2386245946422087,-0.5221223079094905
-0.7095548182814244,0.6615040875036309,0.05593123140456333,-1.2343783422694252,-0.32966604430972213,-0.41887792445571814,0.8912548803213849,0.8213205211508167,-0.7122871199007256,-0.06088839322952556,-2.243675141938776,-0.7319714748350291,1.089851684883365
1.716595470156197,0.6615040875036309,-0.9157554158781038,-0.09205457843215531,1.473801139266993,-0.41887792445571814,-1.0040485477479504,-1.7445105831262606,-0.7122871199007256,1.1311285820006083,-0.6241209021590255,2.1798167335966845,-0.5221223079094905
1.3857567944601576,-1.5117064563784892,-0.9157554158781038,-1.4628430950368791,-0.44601876583080047,-0.41887792445571814,0.8912548803213849,-0.30938471124247163,-0.7122871199007256,-0.6568968808445925,0.9954333376207247,1.2092206641194465,-0.5221223079094905
-0.3787161425853851,-1.5117064563784892,1.0276178786872305,-0.6632164603507903,0.9502138924221402,-0.41887792445571814,-1.0040485477479504,0.34294523052288695,-0.7122871199007256,-0.4014646718667067,0.9954333376207247,-0.7319714748350291,-0.5221223079094905
1.496036353025504,0.6615040875036309,1.0276178786872305,-0.7774488367345173,0.601155727858905,-0.41887792445571814,0.8912548803213849,0.08201325381674351,-0.7122871199007256,-0.06088839322952556,0.9954333376207247,0.2386245946422087,1.089851684883365
1.6063159115908505,0.6615040875036309,1.0276178786872305,0.4791073034864796,0.1551369620281045,-0.41887792445571814,-1.0040485477479504,-0.1354300601050427,-0.7122871199007256,0.7905523033634273,-0.6241209021590255,2.1798167335966845,1.089851684883365
-0.047877466889345854,0.6615040875036309,-0.9157554158781038,-0.5489840839670632,0.7756848101405226,-0.41887792445571814,-1.0040485477479504,-1.44008994363576,1.4039282363260677,1.8122811392749707,-0.6241209021590255,1.2092206641194465,-0.5221223079094905
-1.2609526111081566,-1.5117064563784892,-0.9157554158781038,0.02217779795157167,1.842251424083741,2.3873303929763807,-1.0040485477479504,-0.5703166879486151,1.4039282363260677,1.64199299995638,-0.6241209021590255,-0.7319714748350291,1.089851684883365
-0.1581570254546923,0.6615040875036309,1.0276178786872305,-0.09205457843215531,-0.9502138924221402,2.3873303929763807,-1.0040485477479504,0.12550191660110077,-0.7122871199007256,0.10939974608906498,-2.243675141938776,-0.7319714748350291,-0.5221223079094905
0.39324076737203983,0.6615040875036309,-0.9157554158781038,-1.80554022418806,-0.2327054430421568,-0.41887792445571814,0.8912548803213849,0.29945656773852974,-0.7122871199007256,-0.8271850201631832,0.9954333376207247,0.2386245946422087,1.089851684883365
1.3857567944601576,0.6615040875036309,-0.9157554158781038,-0.3776355193914728,0.1551369620281045,2.3873303929763807,0.8912548803213849,0.6038772072290304,-0.7122871199007256,-0.7420409505038879,-0.6241209021590255,1.2092206641194465,1.089851684883365
0.5035203259373863,0.6615040875036309,-0.9157554158781038,0.4791073034864796,-1.3380562974924015,-0.41887792445571814,0.8912548803213849,0.5603885444446732,1.4039282363260677,-0.9123290898224784,0.9954333376207247,0.2386245946422087,1.089851684883365
-0.7095548182814244,0.6615040875036309,-0.9157554158781038,-0.5489840839670632,-0.4654108860843136,-0.41887792445571814,-1.0040485477479504,1.604116451269247,-0.7122871199007256,-0.9123290898224784,0.9954333376207247,-0.7319714748350291,-0.5221223079094905
-1.7020708453695423,-1.5117064563784892,1.0276178786872305,-2.148237353339241,-0.911429651915114,-0.41887792445571814,0.8912548803213849,1.2996958117787463,-0.7122871199007256,-0.9123290898224784,0.9954333376207247,-0.7319714748350291,-0.5221223079094905
1.3857567944601576,0.6615040875036309,-0.9157554158781038,-0.6632164603507903,-0.1745290822816176,-0.41887792445571814,0.8912548803213849,-3.3970797689318357,-0.7122871199007256,-0.06088839322952556,-0.6241209021590255,-0.7319714748350291,-0.5221223079094905
0.39324076737203983,-1.5117064563784892,-0.9157554158781038,-0.09205457843215531,-0.9502138924221402,-0.41887792445571814,0.8912548803213849,-0.7877600018704013,-0.7122871199007256,-0.4014646718667067,-0.6241209021590255,-0.7319714748350291,-0.5221223079094905
1.1651976773294648,-1.5117064563784892,1.0276178786872305,1.335850126364432,0.44601876583080047,-0.41887792445571814,0.8912548803213849,-0.04845273453632821,-0.7122871199007256,-0.2311765325481161,0.9954333376207247,-0.7319714748350291,-0.5221223079094905
-1.371232169673503,-1.5117064563784892,1.0276178786872305,-0.6632164603507903,-0.7175084493799834,-0.41887792445571814,0.8912548803213849,1.038763835072603,-0.7122871199007256,-0.9123290898224784,-0.6241209021590255,-0.7319714748350291,-0.5221223079094905
-1.1506730525428102,0.6615040875036309,-0.9157554158781038,-1.1201459658856983,0.8532532911545748,-0.41887792445571814,-1.0040485477479504,0.168990579385458,-0.7122871199007256,-0.9123290898224784,0.9954333376207247,0.2386245946422087,-0.5221223079094905
0.172681650241347,0.6615040875036309,-0.9157554158781038,0.02217779795157167,-1.20231145571781,-0.41887792445571814,-1.0040485477479504,-1.9184652342636896,1.4039282363260677,0.8756963730227226,-0.6241209021590255,0.2386245946422087,-2.134096300702346
-0.1581570254546923,-1.5117064563784892,-0.9157554158781038,0.3648749271027526,-0.2327054430421568,-0.41887792445571814,-1.0040485477479504,0.4734112188759587,-0.7122871199007256,-0.9123290898224784,0.9954333376207247,-0.7319714748350291,-0.5221223079094905
-0.48899570115073154,-1.5117064563784892,-0.9157554158781038,-1.2343783422694252,0.1551369620281045,-0.41887792445571814,-1.0040485477479504,0.42992255609160146,-0.7122871199007256,-0.9123290898224784,0.9954333376207247,-0.7319714748350291,-0.5221223079094905
-1.4815117282388495,0.6615040875036309,1.0276178786872305,-0.09205457843215531,-0.620547848112418,-0.41887792445571814,-1.0040485477479504,0.8213205211508167,-0.7122871199007256,0.7905523033634273,-0.6241209021590255,-0.7319714748350291,-0.5221223079094905
-0.047877466889345854,-1.5117064563784892,1.0276178786872305,1.6214310673237495,-0.8726454114080879,-0.41887792445571814,0.8912548803213849,0.6038772072290304,-0.7122871199007256,-0.9123290898224784,0.9954333376207247,0.2386245946422087,-0.5221223079094905
-1.371232169673503,0.6615040875036309,1.0276178786872305,-0.6632164603507903,-0.1163527215210784,2.3873303929763807,0.8912548803213849,1.952025753544105,-0.7122871199007256,-0.2311765325481161,-2.243675141938776,-0.7319714748350291,1.089851684883365
-0.047877466889345854,-1.5117064563784892,1.0276178786872305,0.19352636252716215,1.1247429747037578,2.3873303929763807,0.8912548803213849,0.9082978467195311,-0.7122871199007256,-0.9123290898224784,0.9954333376207247,-0.7319714748350291,-0.5221223079094905
0.6137998845027327,0.6615040875036309,-0.9157554158781038,0.7646882444457971,0.6981163291264704,-0.41887792445571814,-1.0040485477479504,-0.30938471124247163,1.4039282363260677,1.4717048606377894,-0.6241209021590255,1.2092206641194465,1.089851684883365
-2.2534686381962743,0.6615040875036309,1.9993045259698976,-0.7774488367345173,-1.241095696224836,-0.41887792445571814,-1.0040485477479504,1.08225249785696,-0.7122871199007256,-0.9123290898224784,0.9954333376207247,-0.7319714748350291,-0.5221223079094905
-1.1506730525428102,0.6615040875036309,-0.9157554158781038,-1.1201459658856983,0.8532532911545748,-0.41887792445571814,-1.0040485477479504,0.168990579385458,-0.7122871199007256,-0.9123290898224784,0.9954333376207247,0.2386245946422087,-0.5221223079094905
0.6137998845027327,0.6615040875036309,-0.9157554158781038,-0.3776355193914728,0.2327054430421568,-0.41887792445571814,-1.0040485477479504,-0.3528733740268289,1.4039282363260677,1.4717048606377894,-0.6241209021590255,0.2386245946422087,1.089851684883365
-1.2609526111081566,0.6615040875036309,-0.9157554158781038,1.0502691854051145,0.019392120253513064,-0.41887792445571814,0.8912548803213849,0.9517865095038883,-0.7122871199007256,0.3648319550669509,0.9954333376207247,-0.7319714748350291,-0.5221223079094905
-0.2684365840200387,0.6615040875036309,1.9993045259698976,1.1645015617888415,1.0083902531826794,2.3873303929763807,0.8912548803213849,1.2562071489943891,-0.7122871199007256,0.10939974608906498,-0.6241209021590255,-0.7319714748350291,1.089851684883365
1.716595470156197,0.6615040875036309,-0.9157554158781038,-0.09205457843215531,1.473801139266993,-0.41887792445571814,-1.0040485477479504,-1.7445105831262606,-0.7122871199007256,1.1311285820006083,-0.6241209021590255,2.1798167335966845,-0.5221223079094905
0.8343590016334256,-1.5117064563784892,-0.9157554158781038,0.4791073034864796,2.8700337975199335,-0.41887792445571814,-1.0040485477479504,0.34294523052288695,-0.7122871199007256,0.10939974608906498,-0.6241209021590255,-0.7319714748350291,-0.5221223079094905
0.39324076737203983,0.6615040875036309,-0.9157554158781038,0.8218044326376606,-0.5429793670983658,-0.41887792445571814,0.8912548803213849,-1.9184652342636896,-0.7122871199007256,0.7905523033634273,-0.6241209021590255,0.2386245946422087,1.089851684883365
-0.9301139354121173,0.6615040875036309,0.05593123140456333,-1.7484240359961967,-0.9502138924221402,2.3873303929763807,0.8912548803213849,0.29945656773852974,-0.7122871199007256,-0.9123290898224784,0.9954333376207247,-0.7319714748350291,1.089851684883365
-1.1506730525428102,0.6615040875036309,1.0276178786872305,0.4791073034864796,-0.2133133227886437,-0.41887792445571814,-1.0040485477479504,1.3431844745631036,-0.7122871199007256,-0.9123290898224784,0.9954333376207247,-0.7319714748350291,-0.5221223079094905
0.06240209167600057,0.6615040875036309,0.05593123140456333,-0.09205457843215531,0.310273924056209,-0.41887792445571814,0.8912548803213849,0.2559679049541725,-0.7122871199007256,-0.9123290898224784,0.9954333376207247,-0.7319714748350291,-0.5221223079094905
-1.2609526111081566,0.6615040875036309,-0.9157554158781038,-0.6632164603507903,-1.3380562974924015,-0.41887792445571814,-1.0040485477479504,-1.266135292498331,1.4039282363260677,1.2162726516599036,-0.6241209021590255,-0.7319714748350291,1.089851684883365
0.06240209167600057,0.6615040875036309,-0.9157554158781038,0.02217779795157167,2.074956867125898,-0.41887792445571814,0.8912548803213849,-0.744271339086044,1.4039282363260677,0.10939974608906498,-0.6241209021590255,0.2386245946422087,1.089851684883365
-1.591791286804196,0.6615040875036309,1.9993045259698976,0.4791073034864796,-0.911429651915114,-0.41887792445571814,0.8912548803213849,1.2562071489943891,1.4039282363260677,0.2796878854076555,0.9954333376207247,-0.7319714748350291,1.089851684883365
1.0549181187641183,0.6615040875036309,1.0276178786872305,-0.3776355193914728,1.221703575971323,-0.41887792445571814,0.8912548803213849,-0.7877600018704013,1.4039282363260677,0.6202641640448368,-0.6241209021590255,-0.7319714748350291,1.089851684883365
0.5035203259373863,0.6615040875036309,-0.9157554158781038,1.8498958200912035,-1.3574484177459145,2.3873303929763807,-1.0040485477479504,-2.570795176029048,-0.7122871199007256,-0.06088839322952556,-0.6241209021590255,1.2092206641194465,-2.134096300702346
0.7240794430680791,-1.5117064563784892,-0.9157554158781038,0.7646882444457971,1.1829193354642968,-0.41887792445571814,-1.0040485477479504,-0.1354300601050427,1.4039282363260677,-0.06088839322952556,-0.6241209021590255,-0.7319714748350291,1.089851684883365
-0.047877466889345854,0.6615040875036309,-0.9157554158781038,-0.5489840839670632,0.7756848101405226,-0.41887792445571814,-1.0040485477479504,-1.44008994363576,1.4039282363260677,1.8122811392749707,-0.6241209021590255,1.2092206641194465,-0.5221223079094905
2.1577137044175827,-1.5117064563784892,0.05593123140456333,-0.6632164603507903,0.44601876583080047,-0.41887792445571814,-1.0040485477479504,-1.2226466297139738,1.4039282363260677,-0.7420409505038879,0.9954333376207247,0.2386245946422087,-0.5221223079094905
0.944638560198772,-1.5117064563784892,-0.9157554158781038,-1.3486107186531522,0.44601876583080047,-0.41887792445571814,0.8912548803213849,0.8648091839351739,1.4039282363260677,0.6202641640448368,-0.6241209021590255,1.2092206641194465,-0.5221223079094905
1.716595470156197,0.6615040875036309,1.0276178786872305,1.6214310673237495,0.44601876583080047,-0.41887792445571814,0.8912548803213849,-1.614044594773189,1.4039282363260677,1.5568489302970847,-0.6241209021590255,0.2386245946422087,1.089851684883365
0.944638560198772,-1.5117064563784892,-0.9157554158781038,-1.3486107186531522,0.44601876583080047,-0.41887792445571814,0.8912548803213849,0.8648091839351739,1.4039282363260677,0.6202641640448368,-0.6241209021590255,1.2092206641194465,-0.5221223079094905
1.0549181187641183,0.6615040875036309,-0.9157554158781038,0.7646882444457971,-0.6593320886194443,-0.41887792445571814,-1.0040485477479504,-0.744271339086044,-0.7122871199007256,0.7905523033634273,-0.6241209021590255,1.2092206641194465,-2.134096300702346
0.7240794430680791,0.6615040875036309,-0.9157554158781038,0.9360368090213875,-0.8338611709010618,-0.41887792445571814,0.8912548803213849,0.516899881660316,-0.7122871199007256,-0.9123290898224784,0.9954333376207247,0.2386245946422087,1.089851684883365
0.5035203259373863,0.6615040875036309,0.05593123140456333,0.4791073034864796,-0.48480300633782664,-0.41887792445571814,0.8912548803213849,0.6473658700133876,1.4039282363260677,-0.9123290898224784,0.9954333376207247,-0.7319714748350291,-0.5221223079094905
-1.8123504039348886,0.6615040875036309,1.0276178786872305,0.3648749271027526,-1.3768405379994275,-0.41887792445571814,0.8912548803213849,1.038763835072603,-0.7122871199007256,-0.9123290898224784,0.9954333376207247,3.1504128030739222,-0.5221223079094905
0.39324076737203983,0.6615040875036309,0.05593123140456333,-0.6632164603507903,0.7369005696334965,-0.41887792445571814,-1.0040485477479504,0.4734112188759587,-0.7122871199007256,0.6202641640448368,-0.6241209021590255,-0.7319714748350291,-0.5221223079094905
0.944638560198772,-1.5117064563784892,0.05593123140456333,0.4791073034864796,-0.9889981329291663,-0.41887792445571814,0.8912548803213849,1.2996958117787463,-0.7122871199007256,-0.9123290898224784,0.9954333376207247,1.2092206641194465,-0.5221223079094905
0.8343590016334256,-1.5117064563784892,1.0276178786872305,-0.09205457843215531,0.32966604430972213,-0.41887792445571814,0.8912548803213849,-2.2663745365385477,-0.7122871199007256,0.10939974608906498,-0.6241209021590255,0.2386245946422087,1.089851684883365
-0.9301139354121173,0.6615040875036309,-0.9157554158781038,0.4791073034864796,1.2604878164783493,-0.41887792445571814,0.8912548803213849,-1.266135292498331,1.4039282363260677,0.6202641640448368,-0.6241209021590255,1.2092206641194465,1.089851684883365
0.39324076737203983,-1.5117064563784892,1.0276178786872305,-0.6632164603507903,1.822859303830228,-0.41887792445571814,0.8912548803213849,0.9952751722882456,-0.7122871199007256,-0.9123290898224784,0.9954333376207247,-0.7319714748350291,-0.5221223079094905
0.944638560198772,-1.5117064563784892,0.05593123140456333,0.4791073034864796,-0.9889981329291663,-0.41887792445571814,0.8912548803213849,1.2996958117787463,-0.7122871199007256,-0.9123290898224784,0.9954333376207247,1.2092206641194465,-0.5221223079094905
-0.8198343768467709,0.6615040875036309,1.0276178786872305,-0.09205457843215531,0.13574484177459145,-0.41887792445571814,0.8912548803213849,1.2996958117787463,-0.7122871199007256,-0.9123290898224784,0.9954333376207247,-0.7319714748350291,-0.5221223079094905
1.8268750287215434,-1.5117064563784892,1.0276178786872305,-1.2343783422694252,0.36845028481674824,2.3873303929763807,-1.0040485477479504,-0.8312486646547586,-0.7122871199007256,-0.9123290898224784,0.9954333376207247,0.2386245946422087,-0.5221223079094905
1.2754772358948112,0.6615040875036309,-0.9157554158781038,-1.1201459658856983,-0.6593320886194443,-0.41887792445571814,-1.0040485477479504,-0.744271339086044,1.4039282363260677,-0.8271850201631832,0.9954333376207247,0.2386245946422087,-0.5221223079094905
-1.371232169673503,0.6615040875036309,-0.9157554158781038,0.25064255071902564,1.3380562974924015,-0.41887792445571814,0.8912548803213849,-1.0486919785765447,1.4039282363260677,0.6202641640448368,-0.6241209021590255,-0.7319714748350291,-2.134096300702346
1.0549181187641183,0.6615040875036309,-0.9157554158781038,0.7646882444457971,-0.6593320886194443,-0.41887792445571814,-1.0040485477479504,-0.744271339086044,-0.7122871199007256,0.7905523033634273,-0.6241209021590255,1.2092206641194465,-2.134096300702346
0.06240209167600057,-1.5117064563784892,-0.9157554158781038,2.763754831161019,1.5707617405345582,-0.41887792445571814,2.78655830839072,-1.3966012808514028,1.4039282363260677,1.9825692785935614,-0.6241209021590255,-0.7319714748350291,-0.5221223079094905
-1.2609526111081566,-1.5117064563784892,-0.9157554158781038,0.02217779795157167,1.842251424083741,2.3873303929763807,-1.0040485477479504,-0.5703166879486151,1.4039282363260677,1.64199299995638,-0.6241209021590255,-0.7319714748350291,1.089851684883365
0.06240209167600057,-1.5117064563784892,-0.9157554158781038,-0.2062869548158823,-0.7950769303940357,-0.41887792445571814,2.78655830839072,-0.8312486646547586,1.4039282363260677,0.7905523033634273,-0.6241209021590255,0.2386245946422087,1.089851684883365
0.39324076737203983,-1.5117064563784892,-0.9157554158781038,2.1925929492423846,-0.40723452532377435,2.3873303929763807,-1.0040485477479504,-0.1354300601050427,1.4039282363260677,1.4717048606377894,-0.6241209021590255,1.2092206641194465,-2.134096300702346
0.06240209167600057,0.6615040875036309,-0.9157554158781038,0.4791073034864796,-0.5623714873518789,-0.41887792445571814,0.8912548803213849,-1.657533257557546,1.4039282363260677,3.855738811098057,-2.243675141938776,-0.7319714748350291,1.089851684883365
-0.3787161425853851,-1.5117064563784892,-0.9157554158781038,-0.09205457843215531,1.1441350949572708,-0.41887792445571814,0.8912548803213849,-0.30938471124247163,1.4039282363260677,0.10939974608906498,-0.6241209021590255,-0.7319714748350291,1.089851684883365
-0.48899570115073154,-1.5117064563784892,1.0276178786872305,-0.6632164603507903,-0.5235872468448527,-0.41887792445571814,0.8912548803213849,0.3864338933072442,-0.7122871199007256,0.4499760247262462,-0.6241209021590255,-0.7319714748350291,-0.5221223079094905
-1.2609526111081566,0.6615040875036309,-0.9157554158781038,-0.9487974013101077,1.1053508544502446,-0.41887792445571814,0.8912548803213849,1.3866731373474608,-0.7122871199007256,0.10939974608906498,-0.6241209021590255,-0.7319714748350291,-0.5221223079094905
-1.4815117282388495,-1.5117064563784892,0.05593123140456333,-0.3205193311996093,1.1635272152107838,-0.41887792445571814,0.8912548803213849,0.6038772072290304,-0.7122871199007256,-0.9123290898224784,0.9954333376207247,-0.7319714748350291,-0.5221223079094905
-0.599275259716078,0.6615040875036309,0.05593123140456333,-0.09205457843215531,0.3878424050702613,-0.41887792445571814,0.8912548803213849,0.9517865095038883,-0.7122871199007256,-0.4014646718667067,0.9954333376207247,-0.7319714748350291,-0.5221223079094905
1.1651976773294648,0.6615040875036309,-0.9157554158781038,-1.2343783422694252,0.03878424050702613,-0.41887792445571814,-1.0040485477479504,0.3864338933072442,-0.7122871199007256,-0.4014646718667067,0.9954333376207247,1.2092206641194465,-2.134096300702346
0.2829612088066934,0.6615040875036309,-0.9157554158781038,1.1645015617888415,0.5429793670983658,-0.41887792445571814,0.8912548803213849,-2.657772501597763,1.4039282363260677,0.10939974608906498,-0.6241209021590255,0.2386245946422087,1.089851684883365
-0.7095548182814244,0.6615040875036309,-0.9157554158781038,-0.09205457843215531,0.19392120253513065,2.3873303929763807,-1.0040485477479504,0.03852459103238628,1.4039282363260677,-0.9123290898224784,0.9954333376207247,1.2092206641194465,1.089851684883365
0.8343590016334256,-1.5117064563784892,-0.9157554158781038,0.3648749271027526,0.9308217721686272,2.3873303929763807,0.8912548803213849,-1.8749765714793323,-0.7122871199007256,0.705408233704132,-0.6241209021590255,2.1798167335966845,-0.5221223079094905
0.7240794430680791,0.6615040875036309,1.9993045259698976,0.13641017433529865,-0.2327054430421568,-0.41887792445571814,0.8912548803213849,-0.17891872288939994,-0.7122871199007256,1.3014167213191992,-0.6241209021590255,1.2092206641194465,-0.5221223079094905
0.5035203259373863,0.6615040875036309,1.9993045259698976,2.6495224547772924,0.4654108860843136,-0.41887792445571814,-1.0040485477479504,-0.17891872288939994,-0.7122871199007256,2.6637218358679235,-2.243675141938776,-0.7319714748350291,1.089851684883365
1.6063159115908505,0.6615040875036309,1.0276178786872305,0.4791073034864796,0.1551369620281045,-0.41887792445571814,-1.0040485477479504,-0.1354300601050427,-0.7122871199007256,0.7905523033634273,-0.6241209021590255,2.1798167335966845,1.089851684883365
0.39324076737203983,0.6615040875036309,1.0276178786872305,0.02217779795157167,-0.4266266455772874,-0.41887792445571814,-1.0040485477479504,1.038763835072603,-0.7122871199007256,1.8122811392749707,0.9954333376207247,1.2092206641194465,1.089851684883365
-1.8123504039348886,0.6615040875036309,1.9993045259698976,-0.6632164603507903,-0.29088180380269596,-0.41887792445571814,0.8912548803213849,1.430161800131818,1.4039282363260677,2.3231455572307422,-0.6241209021590255,-0.7319714748350291,1.089851684883365
1.6063159115908505,-1.5117064563784892,1.9993045259698976,0.4791073034864796,-0.13574484177459145,-0.41887792445571814,0.8912548803213849,0.08201325381674351,-0.7122871199007256,0.6202641640448368,0.9954333376207247,1.2092206641194465,-0.5221223079094905
1.1651976773294648,0.6615040875036309,1.9993045259698976,0.3648749271027526,0.6981163291264704,2.3873303929763807,-1.0040485477479504,1.08225249785696,-0.7122871199007256,0.2796878854076555,-0.6241209021590255,0.2386245946422087,-0.5221223079094905
-1.0403934939774637,0.6615040875036309,1.9993045259698976,-1.2343783422694252,0.3490581645632352,-0.41887792445571814,0.8912548803213849,-0.744271339086044,-0.7122871199007256,0.10939974608906498,-0.6241209021590255,-0.7319714748350291,1.089851684883365
-0.599275259716078,0.6615040875036309,0.05593123140456333,-0.09205457843215531,0.3878424050702613,-0.41887792445571814,0.8912548803213849,0.9517865095038883,-0.7122871199007256,-0.4014646718667067,0.9954333376207247,-0.7319714748350291,-0.5221223079094905
-1.0403934939774637,-1.5117064563784892,0.05593123140456333,-0.09205457843215531,-0.2327054430421568,-0.41887792445571814,-1.0040485477479504,1.1257411606413172,-0.7122871199007256,-0.4014646718667067,-0.6241209021590255,-0.7319714748350291,-0.5221223079094905
0.7240794430680791,0.6615040875036309,-0.9157554158781038,0.3648749271027526,-1.5513696202810452,-0.41887792445571814,-1.0040485477479504,-1.0486919785765447,1.4039282363260677,2.152857417912152,-0.6241209021590255,0.2386245946422087,-0.5221223079094905
-0.2684365840200387,0.6615040875036309,-0.9157554158781038,-0.3776355193914728,-0.6593320886194443,-0.41887792445571814,0.8912548803213849,0.8213205211508167,-0.7122871199007256,-0.06088839322952556,0.9954333376207247,1.2092206641194465,1.089851684883365
-0.1581570254546923,-1.5117064563784892,-0.9157554158781038,-0.09205457843215531,0.3490581645632352,-0.41887792445571814,-1.0040485477479504,-0.26589604845811443,-0.7122871199007256,-0.5717528111852972,-0.6241209021590255,-0.7319714748350291,-0.5221223079094905
0.5035203259373863,-1.5117064563784892,-0.9157554158781038,2.4210577020098385,0.0581763607605392,-0.41887792445571814,0.8912548803213849,-0.26589604845811443,1.4039282363260677,-0.9123290898224784,-0.6241209021590255,-0.7319714748350291,-0.5221223079094905
0.39324076737203983,-1.5117064563784892,1.0276178786872305,-0.6632164603507903,1.822859303830228,-0.41887792445571814,0.8912548803213849,0.9952751722882456,-0.7122871199007256,-0.9123290898224784,0.9954333376207247,-0.7319714748350291,-0.5221223079094905
1.1651976773294648,0.6615040875036309,1.9993045259698976,0.3648749271027526,0.6981163291264704,2.3873303929763807,-1.0040485477479504,1.08225249785696,-0.7122871199007256,0.2796878854076555,-0.6241209021590255,0.2386245946422087,-0.5221223079094905
0.39324076737203983,-1.5117064563784892,-0.9157554158781038,-0.09205457843215531,-0.9502138924221402,-0.41887792445571814,0.8912548803213849,-0.7877600018704013,-0.7122871199007256,-0.4014646718667067,-0.6241209021590255,-0.7319714748350291,-0.5221223079094905
-0.9301139354121173,-1.5117064563784892,-0.9157554158781038,0.3648749271027526,-0.0581763607605392,-0.41887792445571814,-1.0040485477479504,0.12550191660110077,1.4039282363260677,-0.9123290898224784,-0.6241209021590255,-0.7319714748350291,-0.5221223079094905
0.172681650241347,-1.5117064563784892,-0.9157554158781038,0.13641017433529865,3.1609156013226296,-0.41887792445571814,-1.0040485477479504,0.03852459103238628,1.4039282363260677,0.705408233704132,-0.6241209021590255,1.2092206641194465,1.089851684883365
1.0549181187641183,0.6615040875036309,-0.9157554158781038,-0.2062869548158823,0.32966604430972213,-0.41887792445571814,0.8912548803213849,-1.9184652342636896,1.4039282363260677,-0.7420409505038879,-0.6241209021590255,0.2386245946422087,1.089851684883365
1.1651976773294648,0.6615040875036309,-0.9157554158781038,-0.6632164603507903,-1.3380562974924015,-0.41887792445571814,0.8912548803213849,-0.39636203681118615,-0.7122871199007256,-0.5717528111852972,0.9954333376207247,-0.7319714748350291,1.089851684883365
-1.1506730525428102,0.6615040875036309,1.0276178786872305,-0.6632164603507903,-0.3878424050702613,-0.41887792445571814,0.8912548803213849,0.8648091839351739,-0.7122871199007256,-0.9123290898224784,0.9954333376207247,-0.7319714748350291,-0.5221223079094905
-0.48899570115073154,0.6615040875036309,-0.9157554158781038,1.0502691854051145,-0.0581763607605392,-0.41887792445571814,-1.0040485477479504,-0.9182259902234731,-0.7122871199007256,1.3014167213191992,-0.6241209021590255,-0.7319714748350291,1.089851684883365
-0.8198343768467709,0.6615040875036309,1.0276178786872305,-1.3486107186531522,-0.0581763607605392,-0.41887792445571814,0.8912548803213849,0.12550191660110077,-0.7122871199007256,-0.9123290898224784,0.9954333376207247,-0.7319714748350291,-0.5221223079094905
1.0549181187641183,-1.5117064563784892,-0.9157554158781038,-0.09205457843215531,1.1053508544502446,-0.41887792445571814,0.8912548803213849,-1.1791579669296166,-0.7122871199007256,0.7905523033634273,-0.6241209021590255,1.2092206641194465,-0.5221223079094905
1.8268750287215434,-1.5117064563784892,-0.9157554158781038,-1.1201459658856983,-1.8810356645907673,-0.41887792445571814,0.8912548803213849,-1.0486919785765447,-0.7122871199007256,0.4499760247262462,-0.6241209021590255,-0.7319714748350291,-0.5221223079094905
-1.0403934939774637,-1.5117064563784892,0.05593123140456333,-0.09205457843215531,-0.2327054430421568,-0.41887792445571814,-1.0040485477479504,1.1257411606413172,-0.7122871199007256,-0.4014646718667067,-0.6241209021590255,-0.7319714748350291,-0.5221223079094905
0.8343590016334256,0.6615040875036309,-0.9157554158781038,-0.6632164603507903,0.40723452532377435,-0.41887792445571814,0.8912548803213849,-2.179397210969833,1.4039282363260677,0.6202641640448368,-0.6241209021590255,1.2092206641194465,1.089851684883365
-1.4815117282388495,0.6615040875036309,0.05593123140456333,-0.6632164603507903,-1.7258987025626629,-0.41887792445571814,0.8912548803213849,1.430161800131818,-0.7122871199007256,-0.9123290898224784,0.9954333376207247,-0.7319714748350291,-0.5221223079094905
1.2754772358948112,-1.5117064563784892,1.9993045259698976,1.0502691854051145,-0.3878424050702613,-0.41887792445571814,0.8912548803213849,-1.5270672692044744,-0.7122871199007256,1.3014167213191992,-2.243675141938776,-0.7319714748350291,-0.5221223079094905
0.172681650241347,0.6615040875036309,-0.9157554158781038,-0.09205457843215531,0.7175084493799834,2.3873303929763807,-1.0040485477479504,-2.005442559832404,1.4039282363260677,0.4499760247262462,-2.243675141938776,-0.7319714748350291,1.089851684883365
-1.4815117282388495,-1.5117064563784892,0.05593123140456333,-0.3205193311996093,1.1635272152107838,-0.41887792445571814,0.8912548803213849,0.6038772072290304,-0.7122871199007256,-0.9123290898224784,0.9954333376207247,-0.7319714748350291,-0.5221223079094905
-1.4815117282388495,0.6615040875036309,0.05593123140456333,-1.2343783422694252,-0.2133133227886437,-0.41887792445571814,0.8912548803213849,0.168990579385458,-0.7122871199007256,-0.9123290898224784,0.9954333376207247,-0.7319714748350291,-0.5221223079094905
0.2829612088066934,-1.5117064563784892,0.05593123140456333,-0.09205457843215531,-0.19392120253513065,-0.41887792445571814,-1.0040485477479504,1.08225249785696,-0.7122871199007256,-0.9123290898224784,-0.6241209021590255,0.2386245946422087,-0.5221223079094905
-1.7020708453695423,-1.5117064563784892,1.0276178786872305,0.3648749271027526,-0.5041951265913397,-0.41887792445571814,0.8912548803213849,0.12550191660110077,-0.7122871199007256,-0.9123290898224784,-0.6241209021590255,-0.7319714748350291,-0.5221223079094905
1.0549181187641183,0.6615040875036309,1.0276178786872305,-0.3776355193914728,1.221703575971323,-0.41887792445571814,0.8912548803213849,-0.7877600018704013,1.4039282363260677,0.6202641640448368,-0.6241209021590255,-0.7319714748350291,1.089851684883365
0.5035203259373863,0.6615040875036309,-0.9157554158781038,0.3648749271027526,0.48480300633782664,-0.41887792445571814,-1.0040485477479504,1.430161800131818,-0.7122871199007256,-0.9123290898224784,0.9954333376207247,-0.7319714748350291,-0.5221223079094905
0.7240794430680791,0.6615040875036309,-0.9157554158781038,0.3648749271027526,-1.5513696202810452,-0.41887792445571814,-1.0040485477479504,-1.0486919785765447,1.4039282363260677,2.152857417912152,-0.6241209021590255,0.2386245946422087,-0.5221223079094905
0.39324076737203983,0.6615040875036309,-0.9157554158781038,-1.0059135895019713,1.3962326582529407,-0.41887792445571814,2.78655830839072,-0.39636203681118615,-0.7122871199007256,2.834009975186514,-2.243675141938776,2.1798167335966845,-2.134096300702346
-0.8198343768467709,0.6615040875036309,-0.9157554158781038,-1.1201459658856983,-0.8144690506475487,-0.41887792445571814,0.8912548803213849,-0.26589604845811443,-0.7122871199007256,-0.8271850201631832,0.9954333376207247,-0.7319714748350291,-0.5221223079094905
0.39324076737203983,-1.5117064563784892,-0.9157554158781038,-1.80554022418806,0.03878424050702613,-0.41887792445571814,-1.0040485477479504,-1.1791579669296166,-0.7122871199007256,-0.06088839322952556,-0.6241209021590255,-0.7319714748350291,-0.5221223079094905
1.2754772358948112,-1.5117064563784892,1.9993045259698976,1.0502691854051145,-0.3878424050702613,-0.41887792445571814,0.8912548803213849,-1.5270672692044744,-0.7122871199007256,1.3014167213191992,-2.243675141938776,-0.7319714748350291,-0.5221223079094905
1.1651976773294648,-1.5117064563784892,1.0276178786872305,0.4791073034864796,3.316052563350734,2.3873303929763807,-1.0040485477479504,0.34294523052288695,-0.7122871199007256,-0.2311765325481161,0.9954333376207247,0.2386245946422087,-0.5221223079094905
-2.143189079630928,0.6615040875036309,0.05593123140456333,-0.5489840839670632,-1.0471744936897054,-0.41887792445571814,0.8912548803213849,1.08225249785696,-0.7122871199007256,-0.9123290898224784,0.9954333376207247,-0.7319714748350291,-0.5221223079094905
0.2829612088066934,0.6615040875036309,0.05593123140456333,-0.43475170758333626,0.29088180380269596,-0.41887792445571814,0.8912548803213849,-0.3528733740268289,-0.7122871199007256,-0.6568968808445925,0.9954333376207247,-0.7319714748350291,1.089851684883365
-2.8048664310230067,0.6615040875036309,0.05593123140456333,-0.09205457843215531,-0.8144690506475487,-0.41887792445571814,-1.0040485477479504,2.299935055818963,-0.7122871199007256,-0.9123290898224784,0.9954333376207247,-0.7319714748350291,-0.5221223079094905
1.2754772358948112,0.6615040875036309,0.05593123140456333,1.6214310673237495,0.0,-0.41887792445571814,0.8912548803213849,-1.266135292498331,1.4039282363260677,-0.9123290898224784,-0.6241209021590255,2.1798167335966845,-2.134096300702346
0.7240794430680791,-1.5117064563784892,-0.9157554158781038,-0.09205457843215531,1.6289381012950974,-0.41887792445571814,-1.0040485477479504,0.8648091839351739,-0.7122871199007256,-0.9123290898224784,0.9954333376207247,-0.7319714748350291,-0.5221223079094905
-0.2684365840200387,0.6615040875036309,-0.9157554158781038,-0.3776355193914728,-0.6593320886194443,-0.41887792445571814,0.8912548803213849,0.8213205211508167,-0.7122871199007256,-0.06088839322952556,0.9954333376207247,1.2092206641194465,1.089851684883365
1.496036353025504,0.6615040875036309,1.0276178786872305,-0.7774488367345173,0.601155727858905,-0.41887792445571814,0.8912548803213849,0.08201325381674351,-0.7122871199007256,-0.06088839322952556,0.9954333376207247,0.2386245946422087,1.089851684883365
-0.047877466889345854,0.6615040875036309,1.0276178786872305,-0.6632164603507903,0.2327054430421568,-0.41887792445571814,-1.0040485477479504,-0.09194139732068544,-0.7122871199007256,-0.5717528111852972,-0.6241209021590255,-0.7319714748350291,1.089851684883365
0.944638560198772,0.6615040875036309,-0.9157554158781038,-0.09205457843215531,1.6289381012950974,2.3873303929763807,-1.0040485477479504,-0.744271339086044,1.4039282363260677,0.6202641640448368,0.9954333376207247,2.1798167335966845,1.089851684883365
0.39324076737203983,0.6615040875036309,-0.9157554158781038,-1.80554022418806,-0.2327054430421568,-0.41887792445571814,0.8912548803213849,0.29945656773852974,-0.7122871199007256,-0.8271850201631832,0.9954333376207247,0.2386245946422087,1.089851684883365
0.6137998845027327,0.6615040875036309,-0.9157554158781038,-0.09205457843215531,0.13574484177459145,-0.41887792445571814,0.8912548803213849,-0.22240738567375717,1.4039282363260677,0.2796878854076555,0.9954333376207247,0.2386245946422087,1.089851684883365
0.944638560198772,0.6615040875036309,-0.9157554158781038,-0.09205457843215531,0.1551369620281045,-0.41887792445571814,-1.0040485477479504,-0.09194139732068544,-0.7122871199007256,0.2796878854076555,-0.6241209021590255,0.2386245946422087,1.089851684883365
-1.4815117282388495,-1.5117064563784892,1.0276178786872305,-1.1201459658856983,0.4266266455772874,-0.41887792445571814,-1.0040485477479504,0.9952751722882456,1.4039282363260677,-0.9123290898224784,0.9954333376207247,-0.7319714748350291,-0.5221223079094905
1.496036353025504,0.6615040875036309,1.0276178786872305,2.763754831161019,0.5429793670983658,2.3873303929763807,-1.0040485477479504,0.03852459103238628,1.4039282363260677,0.4499760247262462,-0.6241209021590255,-0.7319714748350291,1.089851684883365
-1.371232169673503,0.6615040875036309,0.05593123140456333,-0.6632164603507903,0.9502138924221402,-0.41887792445571814,0.8912548803213849,0.5603885444446732,-0.7122871199007256,-0.9123290898224784,0.9954333376207247,-0.7319714748350291,-0.5221223079094905
0.5035203259373863,0.6615040875036309,-0.9157554158781038,2.1925929492423846,1.5513696202810452,-0.41887792445571814,-1.0040485477479504,-0.39636203681118615,1.4039282363260677,1.9825692785935614,-2.243675141938776,-0.7319714748350291,1.089851684883365
0.5035203259373863,0.6615040875036309,-0.9157554158781038,1.8498958200912035,-1.3574484177459145,2.3873303929763807,-1.0040485477479504,-2.570795176029048,-0.7122871199007256,-0.06088839322952556,-0.6241209021590255,1.2092206641194465,-2.134096300702346
-1.2609526111081566,0.6615040875036309,-0.9157554158781038,-0.6632164603507903,-1.3380562974924015,-0.41887792445571814,-1.0040485477479504,-1.266135292498331,1.4039282363260677,1.2162726516599036,-0.6241209021590255,-0.7319714748350291,1.089851684883365
0.6137998845027327,0.6615040875036309,1.0276178786872305,0.4791073034864796,-1.1829193354642968,-0.41887792445571814,-1.0040485477479504,0.2559679049541725,-0.7122871199007256,1.64199299995638,-0.6241209021590255,-0.7319714748350291,-0.5221223079094905
0.944638560198772,-1.5117064563784892,-0.9157554158781038,1.0502691854051145,3.1221313608156036,-0.41887792445571814,-1.0040485477479504,0.21247924216981526,-0.7122871199007256,2.493433696549333,-0.6241209021590255,2.1798167335966845,1.089851684883365
-0.2684365840200387,0.6615040875036309,-0.9157554158781038,-0.2062869548158823,-0.8144690506475487,2.3873303929763807,0.8912548803213849,0.29945656773852974,1.4039282363260677,-0.06088839322952556,-0.6241209021590255,-0.7319714748350291,-3.7460702934952015
0.39324076737203983,0.6615040875036309,-0.9157554158781038,-0.3776355193914728,1.0471744936897054,-0.41887792445571814,-1.0040485477479504,0.9517865095038883,-0.7122871199007256,-0.9123290898224784,0.9954333376207247,1.2092206641194465,1.089851684883365
0.172681650241347,-1.5117064563784892,-0.9157554158781038,3.9060785949982892,0.8144690506475487,2.3873303929763807,-1.0040485477479504,-0.7007826763016869,1.4039282363260677,2.493433696549333,-2.243675141938776,1.2092206641194465,1.089851684883365
-0.047877466889345854,-1.5117064563784892,1.0276178786872305,0.19352636252716215,1.1247429747037578,2.3873303929763807,0.8912548803213849,0.9082978467195311,-0.7122871199007256,-0.9123290898224784,0.9954333376207247,-0.7319714748350291,-0.5221223079094905
0.39324076737203983,0.6615040875036309,1.0276178786872305,-1.5199592832287425,-0.1163527215210784,-0.41887792445571814,-1.0040485477479504,0.21247924216981526,1.4039282363260677,-0.4014646718667067,-0.6241209021590255,-0.7319714748350291,1.089851684883365
0.06240209167600057,-1.5117064563784892,0.05593123140456333,0.19352636252716215,0.07756848101405225,-0.41887792445571814,-1.0040485477479504,0.516899881660316,-0.7122871199007256,0.2796878854076555,-0.6241209021590255,-0.7319714748350291,-0.5221223079094905
-0.1581570254546923,0.6615040875036309,-0.9157554158781038,0.4791073034864796,-0.8338611709010618,2.3873303929763807,-1.0040485477479504,0.2559679049541725,1.4039282363260677,1.7271370696156756,-2.243675141938776,-0.7319714748350291,1.089851684883365
0.944638560198772,-1.5117064563784892,0.05593123140456333,0.4791073034864796,-0.9889981329291663,-0.41887792445571814,0.8912548803213849,1.2996958117787463,-0.7122871199007256,-0.9123290898224784,0.9954333376207247,1.2092206641194465,-0.5221223079094905
-1.7020708453695423,0.6615040875036309,-0.9157554158781038,-0.7774488367345173,-0.5235872468448527,-0.41887792445571814,0.8912548803213849,-0.39636203681118615,-0.7122871199007256,0.10939974608906498,-0.6241209021590255,-0.7319714748350291,1.089851684883365
-2.143189079630928,0.6615040875036309,-0.9157554158781038,-0.3205193311996093,0.6981163291264704,-0.41887792445571814,-1.0040485477479504,0.29945656773852974,1.4039282363260677,-0.9123290898224784,0.9954333376207247,-0.7319714748350291,1.089851684883365
-0.48899570115073154,-1.5117064563784892,1.0276178786872305,-0.6632164603507903,-0.5235872468448527,-0.41887792445571814,0.8912548803213849,0.3864338933072442,-0.7122871199007256,0.4499760247262462,-0.6241209021590255,-0.7319714748350291,-0.5221223079094905
1.3857567944601576,0.6615040875036309,1.0276178786872305,1.1645015617888415,-0.6593320886194443,-0.41887792445571814,-1.0040485477479504,0.03852459103238628,-0.7122871199007256,-0.2311765325481161,-0.6241209021590255,-0.7319714748350291,1.089851684883365
1.2754772358948112,0.6615040875036309,-0.9157554158781038,-1.1201459658856983,-0.6593320886194443,-0.41887792445571814,-1.0040485477479504,-0.744271339086044,1.4039282363260677,-0.8271850201631832,0.9954333376207247,0.2386245946422087,-0.5221223079094905
-2.143189079630928,0.6615040875036309,-0.9157554158781038,-0.3205193311996093,0.6981163291264704,-0.41887792445571814,-1.0040485477479504,0.29945656773852974,1.4039282363260677,-0.9123290898224784,0.9954333376207247,-0.7319714748350291,1.089851684883365
-1.4815117282388495,0.6615040875036309,1.0276178786872305,-0.09205457843215531,-0.620547848112418,-0.41887792445571814,-1.0040485477479504,0.8213205211508167,-0.7122871199007256,0.7905523033634273,-0.6241209021590255,-0.7319714748350291,-0.5221223079094905
-2.143189079630928,0.6615040875036309,-0.9157554158781038,-0.6632164603507903,-0.9308217721686272,-0.41887792445571814,0.8912548803213849,-0.8312486646547586,1.4039282363260677,0.4499760247262462,-0.6241209021590255,-0.7319714748350291,1.089851684883365
1.8268750287215434,-1.5117064563784892,0.05593123140456333,1.6214310673237495,1.0859587341967316,-0.41887792445571814,0.8912548803213849,0.5603885444446732,-0.7122871199007256,-0.5717528111852972,0.9954333376207247,1.2092206641194465,-0.5221223079094905
0.2829612088066934,0.6615040875036309,-0.9157554158781038,-1.2343783422694252,-0.8726454114080879,-0.41887792445571814,0.8912548803213849,-1.0052033157921876,1.4039282363260677,0.3648319550669509,-0.6241209021590255,-0.7319714748350291,-2.134096300702346
-0.3787161425853851,0.6615040875036309,1.0276178786872305,-2.148237353339241,-0.36845028481674824,-0.41887792445571814,0.8912548803213849,0.21247924216981526,1.4039282363260677,-0.9123290898224784,0.9954333376207247,0.2386245946422087,1.089851684883365
0.39324076737203983,0.6615040875036309,-0.9157554158781038,-0.2062869548158823,-0.5817636076053919,-0.41887792445571814,-1.0040485477479504,-0.7877600018704013,1.4039282363260677,0.960840442682018,-0.6241209021590255,2.1798167335966845,1.089851684883365
0.2829612088066934,0.6615040875036309,1.0276178786872305,-0.2062869548158823,-0.32966604430972213,-0.41887792445571814,-1.0040485477479504,0.03852459103238628,-0.7122871199007256,-0.5717528111852972,-0.6241209021590255,0.2386245946422087,1.089851684883365
0.172681650241347,-1.5117064563784892,0.05593123140456333,0.4791073034864796,0.9308217721686272,-0.41887792445571814,-1.0040485477479504,0.168990579385458,-0.7122871199007256,0.19454381574836033,-0.6241209021590255,-0.7319714748350291,-0.5221223079094905
0.6137998845027327,-1.5117064563784892,1.0276178786872305,-0.6632164603507903,-1.3186641772388885,2.3873303929763807,0.8912548803213849,-2.309863199322905,-0.7122871199007256,-0.9123290898224784,0.9954333376207247,-0.7319714748350291,-0.5221223079094905
-1.0403934939774637,0.6615040875036309,1.9993045259698976,-1.2343783422694252,0.3490581645632352,-0.41887792445571814,0.8912548803213849,-0.744271339086044,-0.7122871199007256,0.10939974608906498,-0.6241209021590255,-0.7319714748350291,1.089851684883365
0.172681650241347,0.6615040875036309,0.05593123140456333,-0.09205457843215531,-0.48480300633782664,-0.41887792445571814,-1.0040485477479504,0.6038772072290304,-0.7122871199007256,-0.9123290898224784,0.9954333376207247,-0.7319714748350291,1.089851684883365
-2.143189079630928,0.6615040875036309,-0.9157554158781038,-0.6632164603507903,-0.9308217721686272,-0.41887792445571814,0.8912548803213849,-0.8312486646547586,1.4039282363260677,0.4499760247262462,-0.6241209021590255,-0.7319714748350291,1.089851684883365
-1.0403934939774637,-1.5117064563784892,0.05593123140456333,-1.1201459658856983,-1.6677223418021236,-0.41887792445571814,0.8912548803213849,-0.4833393623799006,-0.7122871199007256,-0.9123290898224784,-0.6241209021590255,-0.7319714748350291,-0.5221223079094905
1.2754772358948112,-1.5117064563784892,1.9993045259698976,1.0502691854051145,-0.3878424050702613,-0.41887792445571814,0.8912548803213849,-1.5270672692044744,-0.7122871199007256,1.3014167213191992,-2.243675141938776,-0.7319714748350291,-0.5221223079094905
-0.3787161425853851,0.6615040875036309,1.9993045259698976,-0.3776355193914728,-0.6399399683659311,-0.41887792445571814,-1.0040485477479504,-1.0486919785765447,1.4039282363260677,0.2796878854076555,0.9954333376207247,0.2386245946422087,-0.5221223079094905
1.716595470156197,0.6615040875036309,0.05593123140456333,1.3929663145562954,-0.019392120253513064,-0.41887792445571814,-1.0040485477479504,-0.26589604845811443,-0.7122871199007256,-0.9123290898224784,0.9954333376207247,-0.7319714748350291,-0.5221223079094905
0.06240209167600057,-1.5117064563784892,-0.9157554158781038,-0.2062869548158823,-0.7950769303940357,-0.41887792445571814,2.78655830839072,-0.8312486646547586,1.4039282363260677,0.7905523033634273,-0.6241209021590255,0.2386245946422087,1.089851684883365
0.172681650241347,0.6615040875036309,1.0276178786872305,-0.09205457843215531,0.19392120253513065,2.3873303929763807,-1.0040485477479504,-0.30938471124247163,1.4039282363260677,-0.4014646718667067,-0.6241209021590255,0.2386245946422087,-2.134096300702346
0.06240209167600057,-1.5117064563784892,0.05593123140456333,0.19352636252716215,0.07756848101405225,-0.41887792445571814,-1.0040485477479504,0.516899881660316,-0.7122871199007256,0.2796878854076555,-0.6241209021590255,-0.7319714748350291,-0.5221223079094905
-0.2684365840200387,0.6615040875036309,-0.9157554158781038,-1.3486107186531522,-0.25209756329566985,2.3873303929763807,0.8912548803213849,-0.09194139732068544,-0.7122871199007256,-0.8271850201631832,0.9954333376207247,2.1798167335966845,1.089851684883365
1.0549181187641183,0.6615040875036309,1.0276178786872305,0.4791073034864796,1.7258987025626629,-0.41887792445571814,0.8912548803213849,0.3864338933072442,-0.7122871199007256,-0.9123290898224784,0.9954333376207247,-0.7319714748350291,-0.5221223079094905
-1.0403934939774637,0.6615040875036309,-0.9157554158781038,-0.9487974013101077,0.2714896835491829,-0.41887792445571814,-1.0040485477479504,1.5606277884848898,-0.7122871199007256,-0.9123290898224784,0.9954333376207247,-0.7319714748350291,-0.5221223079094905
1.3857567944601576,-1.5117064563784892,1.0276178786872305,1.1645015617888415,0.601155727858905,-0.41887792445571814,0.8912548803213849,0.9952751722882456,-0.7122871199007256,-0.9123290898224784,0.9954333376207247,0.2386245946422087,-0.5221223079094905
1.496036353025504,-1.5117064563784892,1.0276178786872305,-0.6632164603507903,-0.6787242088729573,-0.41887792445571814,-1.0040485477479504,-1.4835786064201173,-0.7122871199007256,0.3648319550669509,-0.6241209021590255,-0.7319714748350291,-0.5221223079094905
2.1577137044175827,-1.5117064563784892,0.05593123140456333,-0.6632164603507903,0.44601876583080047,-0.41887792445571814,-1.0040485477479504,-1.2226466297139738,1.4039282363260677,-0.7420409505038879,0.9954333376207247,0.2386245946422087,-0.5221223079094905
0.6137998845027327,-1.5117064563784892,-0.9157554158781038,1.0502691854051145,0.2327054430421568,-0.41887792445571814,-1.0040485477479504,0.34294523052288695,-0.7122871199007256,1.3014167213191992,-0.6241209021590255,1.2092206641194465,1.089851684883365
-0.7095548182814244,0.6615040875036309,-0.9157554158781038,-0.43475170758333626,0.5429793670983658,-0.41887792445571814,-1.0040485477479504,0.7343431955821021,-0.7122871199007256,-0.486608741526002,-0.6241209021590255,-0.7319714748350291,1.089851684883365
0.172681650241347,0.6615040875036309,0.05593123140456333,-0.09205457843215531,-0.48480300633782664,-0.41887792445571814,-1.0040485477479504,0.6038772072290304,-0.7122871199007256,-0.9123290898224784,0.9954333376207247,-0.7319714748350291,1.089851684883365
-0.9301139354121173,0.6615040875036309,-0.9157554158781038,0.4791073034864796,1.2604878164783493,-0.41887792445571814,0.8912548803213849,-1.266135292498331,1.4039282363260677,0.6202641640448368,-0.6241209021590255,1.2092206641194465,1.089851684883365
0.06240209167600057,-1.5117064563784892,0.05593123140456333,0.19352636252716215,0.07756848101405225,-0.41887792445571814,-1.0040485477479504,0.516899881660316,-0.7122871199007256,0.2796878854076555,-0.6241209021590255,-0.7319714748350291,-0.5221223079094905
-1.1506730525428102,0.6615040875036309,0.05593123140456333,-0.6632164603507903,-0.5041951265913397,-0.41887792445571814,0.8912548803213849,0.9082978467195311,-0.7122871199007256,-0.9123290898224784,0.9954333376207247,-0.7319714748350291,-0.5221223079094905
-0.2684365840200387,0.6615040875036309,-0.9157554158781038,-1.1201459658856983,-0.310273924056209,-0.41887792445571814,0.8912548803213849,0.4734112188759587,-0.7122871199007256,-0.9123290898224784,0.9954333376207247,0.2386245946422087,-0.5221223079094905
-0.3787161425853851,0.6615040875036309,1.0276178786872305,-2.148237353339241,-0.36845028481674824,-0.41887792445571814,0.8912548803213849,0.21247924216981526,1.4039282363260677,-0.9123290898224784,0.9954333376207247,0.2386245946422087,1.089851684883365
-1.1506730525428102,-1.5117064563784892,1.0276178786872305,-1.3486107186531522,-2.036172626618872,-0.41887792445571814,0.8912548803213849,1.1257411606413172,-0.7122871199007256,-0.4014646718667067,-0.6241209021590255,-0.7319714748350291,-0.5221223079094905
-0.2684365840200387,0.6615040875036309,-0.9157554158781038,-0.2062869548158823,-0.8144690506475487,2.3873303929763807,0.8912548803213849,0.29945656773852974,1.4039282363260677,-0.06088839322952556,-0.6241209021590255,-0.7319714748350291,-3.7460702934952015
-0.48899570115073154,0.6615040875036309,1.0276178786872305,-0.14917076662401882,-0.9696060126756533,-0.41887792445571814,0.8912548803213849,0.6038772072290304,-0.7122871199007256,-0.9123290898224784,0.9954333376207247,-0.7319714748350291,-0.5221223079094905
0.5035203259373863,0.6615040875036309,-0.9157554158781038,-1.2343783422694252,-0.13574484177459145,-0.41887792445571814,-1.0040485477479504,-0.30938471124247163,1.4039282363260677,0.10939974608906498,-0.6241209021590255,0.2386245946422087,1.089851684883365
1.3857567944601576,0.6615040875036309,-0.9157554158781038,-0.6632164603507903,-0.32966604430972213,-0.41887792445571814,-1.0040485477479504,-0.8747373274391158,1.4039282363260677,1.3014167213191992,-0.6241209021590255,1.2092206641194465,1.089851684883365
0.39324076737203983,0.6615040875036309,-0.9157554158781038,-0.3776355193914728,1.0471744936897054,-0.41887792445571814,-1.0040485477479504,0.9517865095038883,-0.7122871199007256,-0.9123290898224784,0.9954333376207247,1.2092206641194465,1.089851684883365
-0.2684365840200387,0.6615040875036309,-0.9157554158781038,-0.2062869548158823,0.1745290822816176,-0.41887792445571814,0.8912548803213849,0.516899881660316,1.4039282363260677,-0.9123290898224784,0.9954333376207247,0.2386245946422087,1.089851684883365
-1.1506730525428102,0.6615040875036309,1.0276178786872305,0.4791073034864796,-0.2133133227886437,-0.41887792445571814,-1.0040485477479504,1.3431844745631036,-0.7122871199007256,-0.9123290898224784,0.9954333376207247,-0.7319714748350291,-0.5221223079094905
-1.4815117282388495,-1.5117064563784892,1.0276178786872305,-1.1201459658856983,0.4266266455772874,-0.41887792445571814,-1.0040485477479504,0.9952751722882456,1.4039282363260677,-0.9123290898224784,0.9954333376207247,-0.7319714748350291,-0.5221223079094905
0.944638560198772,0.6615040875036309,-0.9157554158781038,-0.09205457843215531,1.6289381012950974,2.3873303929763807,-1.0040485477479504,-0.744271339086044,1.4039282363260677,0.6202641640448368,0.9954333376207247,2.1798167335966845,1.089851684883365
0.39324076737203983,0.6615040875036309,0.05593123140456333,-0.3776355193914728,-0.5041951265913397,-0.41887792445571814,0.8912548803213849,-0.22240738567375717,-0.7122871199007256,-0.5717528111852972,-0.6241209021590255,3.1504128030739222,1.089851684883365
0.6137998845027327,-1.5117064563784892,1.0276178786872305,-1.691307847804333,1.3962326582529407,-0.41887792445571814,0.8912548803213849,0.4734112188759587,-0.7122871199007256,-0.9123290898224784,0.9954333376207247,0.2386245946422087,-0.5221223079094905
-0.3787161425853851,0.6615040875036309,1.0276178786872305,-1.80554022418806,-0.4654108860843136,-0.41887792445571814,0.8912548803213849,-0.26589604845811443,1.4039282363260677,0.10939974608906498,-0.6241209021590255,-0.7319714748350291,-0.5221223079094905
1.0549181187641183,0.6615040875036309,1.0276178786872305,0.4791073034864796,1.7258987025626629,-0.41887792445571814,0.8912548803213849,0.3864338933072442,-0.7122871199007256,-0.9123290898224784,0.9954333376207247,-0.7319714748350291,-0.5221223079094905
0.6137998845027327,0.6615040875036309,-0.9157554158781038,-0.8345650249263807,-0.310273924056209,2.3873303929763807,0.8912548803213849,0.4734112188759587,1.4039282363260677,0.2796878854076555,0.9954333376207247,1.2092206641194465,1.089851684883365
-1.1506730525428102,0.6615040875036309,1.0276178786872305,-0.6632164603507903,-0.3878424050702613,-0.41887792445571814,0.8912548803213849,0.8648091839351739,-0.7122871199007256,-0.9123290898224784,0.9954333376207247,-0.7319714748350291,-0.5221223079094905
0.39324076737203983,0.6615040875036309,0.05593123140456333,-0.3776355193914728,-0.5041951265913397,-0.41887792445571814,0.8912548803213849,-0.22240738567375717,-0.7122871199007256,-0.5717528111852972,-0.6241209021590255,3.1504128030739222,1.089851684883365
0.06240209167600057,0.6615040875036309,0.05593123140456333,-0.09205457843215531,0.310273924056209,-0.41887792445571814,0.8912548803213849,0.2559679049541725,-0.7122871199007256,-0.9123290898224784,0.9954333376207247,-0.7319714748350291,-0.5221223079094905
1.1651976773294648,-1.5117064563784892,1.0276178786872305,1.6214310673237495,2.2107017089004892,-0.41887792445571814,-1.0040485477479504,0.08201325381674351,-0.7122871199007256,-0.2311765325481161,0.9954333376207247,-0.7319714748350291,-0.5221223079094905
-0.7095548182814244,0.6615040875036309,0.05593123140456333,-0.09205457843215531,-0.019392120253513064,-0.41887792445571814,-1.0040485477479504,1.3431844745631036,-0.7122871199007256,-0.7420409505038879,-0.6241209021590255,-0.7319714748350291,-0.5221223079094905
1.1651976773294648,0.6615040875036309,-0.9157554158781038,-0.6632164603507903,-1.3380562974924015,-0.41887792445571814,0.8912548803213849,-0.39636203681118615,-0.7122871199007256,-0.5717528111852972,0.9954333376207247,-0.7319714748350291,1.089851684883365
-0.3787161425853851,-1.5117064563784892,1.0276178786872305,-0.09205457843215531,0.19392120253513065,-0.41887792445571814,-1.0040485477479504,-0.004964071751970963,-0.7122871199007256,-0.486608741526002,0.9954333376207247,-0.7319714748350291,-0.5221223079094905
-0.7095548182814244,0.6615040875036309,1.0276178786872305,-0.43475170758333626,0.1745290822816176,2.3873303929763807,0.8912548803213849,1.1257411606413172,-0.7122871199007256,-0.9123290898224784,0.9954333376207247,1.2092206641194465,-0.5221223079094905
1.0549181187641183,0.6615040875036309,-0.9157554158781038,-0.6632164603507903,0.0,-0.41887792445571814,-1.0040485477479504,-2.309863199322905,1.4039282363260677,0.960840442682018,-2.243675141938776,0.2386245946422087,-0.5221223079094905
1.2754772358948112,0.6615040875036309,-0.9157554158781038,1.6214310673237495,-0.3490581645632352,-0.41887792445571814,-1.0040485477479504,-0.4833393623799006,-0.7122871199007256,1.045984512341313,0.9954333376207247,-0.7319714748350291,-2.134096300702346
-0.9301139354121173,-1.5117064563784892,0.05593123140456333,-1.5199592832287425,-0.8144690506475487,-0.41887792445571814,0.8912548803213849,0.9952751722882456,-0.7122871199007256,-0.9123290898224784,0.9954333376207247,-0.7319714748350291,-0.5221223079094905
0.7240794430680791,-1.5117064563784892,-0.9157554158781038,-0.09205457843215531,1.6289381012950974,-0.41887792445571814,-1.0040485477479504,0.8648091839351739,-0.7122871199007256,-0.9123290898224784,0.9954333376207247,-0.7319714748350291,-0.5221223079094905
0.2829612088066934,0.6615040875036309,-0.9157554158781038,1.0502691854051145,0.5817636076053919,-0.41887792445571814,-1.0040485477479504,-1.614044594773189,1.4039282363260677,-0.4014646718667067,-0.6241209021590255,0.2386245946422087,-2.134096300702346
-0.599275259716078,-1.5117064563784892,-0.9157554158781038,-0.09205457843215531,0.44601876583080047,-0.41887792445571814,0.8912548803213849,0.6038772072290304,-0.7122871199007256,-0.9123290898224784,0.9954333376207247,-0.7319714748350291,-0.5221223079094905
0.172681650241347,0.6615040875036309,0.05593123140456333,-0.09205457843215531,-0.48480300633782664,-0.41887792445571814,-1.0040485477479504,0.6038772072290304,-0.7122871199007256,-0.9123290898224784,0.9954333376207247,-0.7319714748350291,1.089851684883365
0.39324076737203983,-1.5117064563784892,1.9993045259698976,1.0502691854051145,0.7175084493799834,2.3873303929763807,-1.0040485477479504,0.5603885444446732,-0.7122871199007256,-0.06088839322952556,0.9954333376207247,-0.7319714748350291,-0.5221223079094905
0.944638560198772,0.6615040875036309,-0.9157554158781038,0.4791073034864796,-1.1441350949572708,-0.41887792445571814,-1.0040485477479504,-0.22240738567375717,1.4039282363260677,2.493433696549333,0.9954333376207247,1.2092206641194465,1.089851684883365
0.2829612088066934,0.6615040875036309,-0.9157554158781038,-1.2343783422694252,1.7258987025626629,-0.41887792445571814,0.8912548803213849,-0.26589604845811443,1.4039282363260677,1.64199299995638,-0.6241209021590255,0.2386245946422087,1.089851684883365
0.2829612088066934,0.6615040875036309,-0.9157554158781038,-1.2343783422694252,1.7258987025626629,-0.41887792445571814,0.8912548803213849,-0.26589604845811443,1.4039282363260677,1.64199299995638,-0.6241209021590255,0.2386245946422087,1.089851684883365
1.496036353025504,0.6615040875036309,-0.9157554158781038,0.7075720562539336,-1.0277823734361924,2.3873303929763807,0.8912548803213849,-0.3528733740268289,-0.7122871199007256,1.9825692785935614,-0.6241209021590255,1.2092206641194465,1.089851684883365
-0.9301139354121173,0.6615040875036309,0.05593123140456333,-1.7484240359961967,-0.9502138924221402,2.3873303929763807,0.8912548803213849,0.29945656773852974,-0.7122871199007256,-0.9123290898224784,0.9954333376207247,-0.7319714748350291,1.089851684883365
1.8268750287215434,-1.5117064563784892,1.0276178786872305,-1.2343783422694252,0.36845028481674824,2.3873303929763807,-1.0040485477479504,-0.8312486646547586,-0.7122871199007256,-0.9123290898224784,0.9954333376207247,0.2386245946422087,-0.5221223079094905
-1.4815117282388495,0.6615040875036309,0.05593123140456333,0.19352636252716215,-0.8338611709010618,-0.41887792445571814,0.8912548803213849,-0.744271339086044,-0.7122871199007256,-0.9123290898224784,-0.6241209021590255,-0.7319714748350291,-2.134096300702346
-1.0403934939774637,-1.5117064563784892,-0.9157554158781038,0.3648749271027526,-0.19392120253513065,-0.41887792445571814,-1.0040485477479504,0.12550191660110077,1.4039282363260677,-0.7420409505038879,-0.6241209021590255,-0.7319714748350291,-0.5221223079094905
0.8343590016334256,-1.5117064563784892,-0.9157554158781038,1.0502691854051145,-0.03878424050702613,-0.41887792445571814,0.8912548803213849,0.21247924216981526,1.4039282363260677,0.2796878854076555,-0.6241209021590255,-0.7319714748350291,-0.5221223079094905
1.1651976773294648,-1.5117064563784892,-0.9157554158781038,1.0502691854051145,-0.40723452532377435,-0.41887792445571814,-1.0040485477479504,-1.5270672692044744,-0.7122871199007256,-0.06088839322952556,-0.6241209021590255,2.1798167335966845,1.089851684883365
-0.7095548182814244,-1.5117064563784892,1.0276178786872305,-0.09205457843215531,0.5623714873518789,-0.41887792445571814,0.8912548803213849,-0.4398506995955434,-0.7122871199007256,-0.7420409505038879,0.9954333376207247,-0.7319714748350291,-0.5221223079094905
-0.3787161425853851,0.6615040875036309,1.0276178786872305,-1.80554022418806,-0.4654108860843136,-0.41887792445571814,0.8912548803213849,-0.26589604845811443,1.4039282363260677,0.10939974608906498,-0.6241209021590255,-0.7319714748350291,-0.5221223079094905
0.7240794430680791,-1.5117064563784892,-0.9157554158781038,0.7646882444457971,1.1829193354642968,-0.41887792445571814,-1.0040485477479504,-0.1354300601050427,1.4039282363260677,-0.06088839322952556,-0.6241209021590255,-0.7319714748350291,1.089851684883365
-0.1581570254546923,0.6615040875036309,-0.9157554158781038,-0.49186789577519974,0.6981163291264704,-0.41887792445571814,0.8912548803213849,-2.353351862107262,1.4039282363260677,0.7905523033634273,-0.6241209021590255,1.2092206641194465,1.089851684883365
0.5035203259373863,0.6615040875036309,1.9993045259698976,0.13641017433529865,-0.8144690506475487,-0.41887792445571814,0.8912548803213849,0.5603885444446732,-0.7122871199007256,-0.2311765325481161,0.9954333376207247,1.2092206641194465,-0.5221223079094905
-2.2534686381962743,-1.5117064563784892,0.05593123140456333,-0.7774488367345173,-0.6981163291264704,-0.41887792445571814,0.8912548803213849,1.8650484279753905,-0.7122871199007256,-0.3163206022074114,0.9954333376207247,-0.7319714748350291,-0.5221223079094905
-1.1506730525428102,0.6615040875036309,-0.9157554158781038,-0.6632164603507903,-1.493193259520506,-0.41887792445571814,0.8912548803213849,-0.22240738567375717,1.4039282363260677,1.4717048606377894,-2.243675141938776,-0.7319714748350291,-2.134096300702346
0.39324076737203983,0.6615040875036309,-0.9157554158781038,0.8218044326376606,-0.5429793670983658,-0.41887792445571814,0.8912548803213849,-1.9184652342636896,-0.7122871199007256,0.7905523033634273,-0.6241209021590255,0.2386245946422087,1.089851684883365
1.0549181187641183,-1.5117064563784892,-0.9157554158781038,-0.09205457843215531,1.1053508544502446,-0.41887792445571814,0.8912548803213849,-1.1791579669296166,-0.7122871199007256,0.7905523033634273,-0.6241209021590255,1.2092206641194465,-0.5221223079094905
0.172681650241347,0.6615040875036309,0.05593123140456333,-0.6632164603507903,-0.1163527215210784,-0.41887792445571814,0.8912548803213849,0.8648091839351739,-0.7122871199007256,-0.9123290898224784,-2.243675141938776,-0.7319714748350291,-0.5221223079094905
-0.047877466889345854,0.6615040875036309,1.0276178786872305,1.0502691854051145,-0.2714896835491829,-0.41887792445571814,-1.0040485477479504,0.6908545327977449,-0.7122871199007256,0.4499760247262462,0.9954333376207247,-0.7319714748350291,1.089851684883365
0.06240209167600057,0.6615040875036309,-0.9157554158781038,1.6214310673237495,0.8338611709010618,-0.41887792445571814,-1.0040485477479504,-0.17891872288939994,1.4039282363260677,-0.2311765325481161,-0.6241209021590255,0.2386245946422087,1.089851684883365
1.3857567944601576,0.6615040875036309,-0.9157554158781038,-0.3776355193914728,0.1551369620281045,2.3873303929763807,0.8912548803213849,0.6038772072290304,-0.7122871199007256,-0.7420409505038879,-0.6241209021590255,1.2092206641194465,1.089851684883365
-0.3787161425853851,0.6615040875036309,-0.9157554158781038,0.4791073034864796,1.0083902531826794,-0.41887792445571814,0.8912548803213849,-1.1791579669296166,1.4039282363260677,2.6637218358679235,-0.6241209021590255,2.1798167335966845,1.089851684883365
0.8343590016334256,-1.5117064563784892,-0.9157554158781038,0.3648749271027526,0.9308217721686272,2.3873303929763807,0.8912548803213849,-1.8749765714793323,-0.7122871199007256,0.705408233704132,-0.6241209021590255,2.1798167335966845,-0.5221223079094905
0.8343590016334256,0.6615040875036309,0.05593123140456333,-0.6632164603507903,0.6787242088729573,-0.41887792445571814,-1.0040485477479504,-2.005442559832404,-0.7122871199007256,0.2796878854076555,-0.6241209021590255,0.2386245946422087,1.089851684883365
-0.047877466889345854,0.6615040875036309,-0.9157554158781038,-1.2343783422694252,-0.13574484177459145,-0.41887792445571814,0.8912548803213849,-1.0052033157921876,1.4039282363260677,1.4717048606377894,-0.6241209021590255,0.2386245946422087,1.089851684883365
-0.047877466889345854,0.6615040875036309,-0.9157554158781038,-1.2343783422694252,-0.13574484177459145,-0.41887792445571814,0.8912548803213849,-1.0052033157921876,1.4039282363260677,1.4717048606377894,-0.6241209021590255,0.2386245946422087,1.089851684883365
1.496036353025504,0.6615040875036309,-0.9157554158781038,0.7075720562539336,-1.0277823734361924,2.3873303929763807,0.8912548803213849,-0.3528733740268289,-0.7122871199007256,1.9825692785935614,-0.6241209021590255,1.2092206641194465,1.089851684883365
0.6137998845027327,-1.5117064563784892,1.0276178786872305,-0.6632164603507903,-1.3186641772388885,2.3873303929763807,0.8912548803213849,-2.309863199322905,-0.7122871199007256,-0.9123290898224784,0.9954333376207247,-0.7319714748350291,-0.5221223079094905
0.7240794430680791,0.6615040875036309,1.9993045259698976,0.13641017433529865,-0.2327054430421568,-0.41887792445571814,0.8912548803213849,-0.17891872288939994,-0.7122871199007256,1.3014167213191992,-0.6241209021590255,1.2092206641194465,-0.5221223079094905
0.8343590016334256,0.6615040875036309,0.05593123140456333,-0.2062869548158823,-0.7369005696334965,2.3873303929763807,-1.0040485477479504,-0.39636203681118615,-0.7122871199007256,-0.9123290898224784,0.9954333376207247,-0.7319714748350291,-0.5221223079094905
-1.4815117282388495,0.6615040875036309,0.05593123140456333,0.19352636252716215,-0.8338611709010618,-0.41887792445571814,0.8912548803213849,-0.744271339086044,-0.7122871199007256,-0.9123290898224784,-0.6241209021590255,-0.7319714748350291,-2.134096300702346
1.1651976773294648,-1.5117064563784892,-0.9157554158781038,1.0502691854051145,-0.40723452532377435,-0.41887792445571814,-1.0040485477479504,-1.5270672692044744,-0.7122871199007256,-0.06088839322952556,-0.6241209021590255,2.1798167335966845,1.089851684883365
0.5035203259373863,0.6615040875036309,1.9993045259698976,2.1925929492423846,0.8144690506475487,-0.41887792445571814,-1.0040485477479504,0.42992255609160146,-0.7122871199007256,-0.7420409505038879,-0.6241209021590255,-0.7319714748350291,1.089851684883365
-1.2609526111081566,0.6615040875036309,-0.9157554158781038,-0.9487974013101077,1.1053508544502446,-0.41887792445571814,0.8912548803213849,1.3866731373474608,-0.7122871199007256,0.10939974608906498,-0.6241209021590255,-0.7319714748350291,-0.5221223079094905
1.3857567944601576,0.6615040875036309,-0.9157554158781038,-0.6632164603507903,-0.32966604430972213,-0.41887792445571814,-1.0040485477479504,-0.8747373274391158,1.4039282363260677,1.3014167213191992,-0.6241209021590255,1.2092206641194465,1.089851684883365
0.944638560198772,0.6615040875036309,1.9993045259698976,0.7646882444457971,-0.25209756329566985,2.3873303929763807,-1.0040485477479504,0.03852459103238628,-0.7122871199007256,1.045984512341313,-2.243675141938776,-0.7319714748350291,-2.134096300702346
0.944638560198772,-1.5117064563784892,-0.9157554158781038,-0.43475170758333626,-0.9502138924221402,-0.41887792445571814,0.8912548803213849,-0.5703166879486151,1.4039282363260677,-0.9123290898224784,-0.6241209021590255,-0.7319714748350291,-0.5221223079094905
-0.2684365840200387,0.6615040875036309,-0.9157554158781038,-1.1201459658856983,-0.310273924056209,-0.41887792445571814,0.8912548803213849,0.4734112188759587,-0.7122871199007256,-0.9123290898224784,0.9954333376207247,0.2386245946422087,-0.5221223079094905
0.39324076737203983,-1.5117064563784892,-0.9157554158781038,-0.09205457843215531,-0.9502138924221402,-0.41887792445571814,0.8912548803213849,-0.7877600018704013,-0.7122871199007256,-0.4014646718667067,-0.6241209021590255,-0.7319714748350291,-0.5221223079094905
-0.1581570254546923,0.6615040875036309,-0.9157554158781038,0.5933396798702066,-0.3878424050702613,-0.41887792445571814,-1.0040485477479504,-1.657533257557546,1.4039282363260677,-0.9123290898224784,0.9954333376207247,-0.7319714748350291,1.089851684883365
0.2829612088066934,0.6615040875036309,-0.9157554158781038,1.0502691854051145,0.5817636076053919,-0.41887792445571814,-1.0040485477479504,-1.614044594773189,1.4039282363260677,-0.4014646718667067,-0.6241209021590255,0.2386245946422087,-2.134096300702346
-1.1506730525428102,0.6615040875036309,1.0276178786872305,-0.09205457843215531,-0.25209756329566985,-0.41887792445571814,0.8912548803213849,1.2996958117787463,1.4039282363260677,-0.5717528111852972,0.9954333376207247,-0.7319714748350291,-0.5221223079094905
-0.3787161425853851,0.6615040875036309,1.0276178786872305,-2.148237353339241,-0.36845028481674824,-0.41887792445571814,0.8912548803213849,0.21247924216981526,1.4039282363260677,-0.9123290898224784,0.9954333376207247,0.2386245946422087,1.089851684883365
-0.047877466889345854,-1.5117064563784892,1.0276178786872305,-1.2343783422694252,-0.620547848112418,-0.41887792445571814,0.8912548803213849,0.3864338933072442,-0.7122871199007256,0.4499760247262462,-0.6241209021590255,-0.7319714748350291,-0.5221223079094905
-1.591791286804196,0.6615040875036309,-0.9157554158781038,-1.2343783422694252,-1.5319775000275322,-0.41887792445571814,-1.0040485477479504,-1.5270672692044744,1.4039282363260677,0.7905523033634273,-0.6241209021590255,-0.7319714748350291,1.089851684883365
0.2829612088066934,0.6615040875036309,0.05593123140456333,-0.43475170758333626,0.29088180380269596,-0.41887792445571814,0.8912548803213849,-0.3528733740268289,-0.7122871199007256,-0.6568968808445925,0.9954333376207247,-0.7319714748350291,1.089851684883365
0.8343590016334256,-1.5117064563784892,-0.9157554158781038,0.4791073034864796,0.4266266455772874,-0.41887792445571814,-1.0040485477479504,0.4734112188759587,-0.7122871199007256,2.152857417912152,-2.243675141938776,1.2092206641194465,-0.5221223079094905
-0.1581570254546923,0.6615040875036309,-0.9157554158781038,0.4791073034864796,-0.8338611709010618,2.3873303929763807,-1.0040485477479504,0.2559679049541725,1.4039282363260677,1.7271370696156756,-2.243675141938776,-0.7319714748350291,1.089851684883365
0.8343590016334256,0.6615040875036309,0.05593123140456333,-0.2062869548158823,-0.7369005696334965,2.3873303929763807,-1.0040485477479504,-0.39636203681118615,-0.7122871199007256,-0.9123290898224784,0.9954333376207247,-0.7319714748350291,-0.5221223079094905
0.39324076737203983,0.6615040875036309,1.0276178786872305,-1.5199592832287425,-0.1163527215210784,-0.41887792445571814,-1.0040485477479504,0.21247924216981526,1.4039282363260677,-0.4014646718667067,-0.6241209021590255,-0.7319714748350291,1.089851684883365
1.716595470156197,0.6615040875036309,0.05593123140456333,1.3929663145562954,-0.019392120253513064,-0.41887792445571814,-1.0040485477479504,-0.26589604845811443,-0.7122871199007256,-0.9123290898224784,0.9954333376207247,-0.7319714748350291,-0.5221223079094905
-1.0403934939774637,0.6615040875036309,-0.9157554158781038,-0.9487974013101077,0.2714896835491829,-0.41887792445571814,-1.0040485477479504,1.5606277884848898,-0.7122871199007256,-0.9123290898224784,0.9954333376207247,-0.7319714748350291,-0.5221223079094905
-1.371232169673503,0.6615040875036309,1.9993045259698976,0.9360368090213875,-0.03878424050702613,-0.41887792445571814,-1.0040485477479504,1.2562071489943891,-0.7122871199007256,-0.2311765325481161,0.9954333376207247,1.2092206641194465,-0.5221223079094905
0.39324076737203983,-1.5117064563784892,-0.9157554158781038,2.1925929492423846,-0.40723452532377435,2.3873303929763807,-1.0040485477479504,-0.1354300601050427,1.4039282363260677,1.4717048606377894,-0.6241209021590255,1.2092206641194465,-2.134096300702346
0.7240794430680791,0.6615040875036309,-0.9157554158781038,0.4791073034864796,-0.7562926898870095,-0.41887792445571814,-1.0040485477479504,-0.4833393623799006,1.4039282363260677,0.705408233704132,0.9954333376207247,0.2386245946422087,1.089851684883365
0.8343590016334256,-1.5117064563784892,-0.9157554158781038,0.4791073034864796,0.4266266455772874,-0.41887792445571814,-1.0040485477479504,0.4734112188759587,-0.7122871199007256,2.152857417912152,-2.243675141938776,1.2092206641194465,-0.5221223079094905
0.6137998845027327,0.6615040875036309,-0.9157554158781038,-0.09205457843215531,0.13574484177459145,-0.41887792445571814,0.8912548803213849,-0.22240738567375717,1.4039282363260677,0.2796878854076555,0.9954333376207247,0.2386245946422087,1.089851684883365
-0.047877466889345854,0.6615040875036309,-0.9157554158781038,0.4791073034864796,-0.13574484177459145,-0.41887792445571814,0.8912548803213849,0.4734112188759587,-0.7122871199007256,0.10939974608906498,0.9954333376207247,-0.7319714748350291,-0.5221223079094905
0.7240794430680791,0.6615040875036309,-0.9157554158781038,0.3648749271027526,-1.5513696202810452,-0.41887792445571814,-1.0040485477479504,-1.0486919785765447,1.4039282363260677,2.152857417912152,-0.6241209021590255,0.2386245946422087,-0.5221223079094905
0.944638560198772,-1.5117064563784892,1.0276178786872305,0.19352636252716215,0.1163527215210784,-0.41887792445571814,-1.0040485477479504,0.9952751722882456,-0.7122871199007256,-0.9123290898224784,0.9954333376207247,-0.7319714748350291,-0.5221223079094905
-1.371232169673503,0.6615040875036309,1.0276178786872305,-0.09205457843215531,-1.2798799367318623,-0.41887792445571814,0.8912548803213849,0.03852459103238628,-0.7122871199007256,-0.9123290898224784,0.9954333376207247,-0.7319714748350291,-0.5221223079094905
0.2829612088066934,0.6615040875036309,1.0276178786872305,-0.2062869548158823,-0.32966604430972213,-0.41887792445571814,-1.0040485477479504,0.03852459103238628,-0.7122871199007256,-0.5717528111852972,-0.6241209021590255,0.2386245946422087,1.089851684883365
-1.1506730525428102,0.6615040875036309,1.0276178786872305,-0.09205457843215531,-0.25209756329566985,-0.41887792445571814,0.8912548803213849,1.2996958117787463,1.4039282363260677,-0.5717528111852972,0.9954333376207247,-0.7319714748350291,-0.5221223079094905
-0.047877466889345854,0.6615040875036309,-0.9157554158781038,-0.43475170758333626,0.3878424050702613,-0.41887792445571814,-1.0040485477479504,-1.7445105831262606,1.4039282363260677,0.960840442682018,-0.6241209021590255,0.2386245946422087,1.089851684883365
-0.3787161425853851,0.6615040875036309,1.0276178786872305,-1.80554022418806,-0.4654108860843136,-0.41887792445571814,0.8912548803213849,-0.26589604845811443,1.4039282363260677,0.10939974608906498,-0.6241209021590255,-0.7319714748350291,-0.5221223079094905
0.39324076737203983,0.6615040875036309,0.05593123140456333,-0.3776355193914728,-0.5041951265913397,-0.41887792445571814,0.8912548803213849,-0.22240738567375717,-0.7122871199007256,-0.5717528111852972,-0.6241209021590255,3.1504128030739222,1.089851684883365
1.496036353025504,0.6615040875036309,1.0276178786872305,-0.7774488367345173,0.601155727858905,-0.41887792445571814,0.8912548803213849,0.08201325381674351,-0.7122871199007256,-0.06088839322952556,0.9954333376207247,0.2386245946422087,1.089851684883365
0.06240209167600057,0.6615040875036309,-0.9157554158781038,0.4791073034864796,-0.5623714873518789,-0.41887792445571814,0.8912548803213849,-1.657533257557546,1.4039282363260677,3.855738811098057,-2.243675141938776,-0.7319714748350291,1.089851684883365
-1.371232169673503,0.6615040875036309,-0.9157554158781038,0.25064255071902564,1.3380562974924015,-0.41887792445571814,0.8912548803213849,-1.0486919785765447,1.4039282363260677,0.6202641640448368,-0.6241209021590255,-0.7319714748350291,-2.134096300702346
-0.599275259716078,0.6615040875036309,1.0276178786872305,-0.7774488367345173,-1.8810356645907673,-0.41887792445571814,-1.0040485477479504,-1.0052033157921876,-0.7122871199007256,-0.2311765325481161,0.9954333376207247,2.1798167335966845,-0.5221223079094905
-0.1581570254546923,-1.5117064563784892,-0.9157554158781038,0.3648749271027526,-0.2327054430421568,-0.41887792445571814,-1.0040485477479504,0.4734112188759587,-0.7122871199007256,-0.9123290898224784,0.9954333376207247,-0.7319714748350291,-0.5221223079094905
-0.2684365840200387,0.6615040875036309,1.0276178786872305,2.3068253256261113,-0.911429651915114,2.3873303929763807,0.8912548803213849,0.5603885444446732,-0.7122871199007256,-0.486608741526002,0.9954333376207247,-0.7319714748350291,1.089851684883365
-0.3787161425853851,0.6615040875036309,1.9993045259698976,-0.3776355193914728,-0.6399399683659311,-0.41887792445571814,-1.0040485477479504,-1.0486919785765447,1.4039282363260677,0.2796878854076555,0.9954333376207247,0.2386245946422087,-0.5221223079094905
-0.3787161425853851,0.6615040875036309,-0.9157554158781038,0.4791073034864796,0.29088180380269596,-0.41887792445571814,-1.0040485477479504,1.604116451269247,1.4039282363260677,-0.9123290898224784,0.9954333376207247,-0.7319714748350291,-0.5221223079094905
1.716595470156197,0.6615040875036309,-0.9157554158781038,0.7646882444457971,-1.3962326582529407,-0.41887792445571814,0.8912548803213849,-1.0486919785765447,1.4039282363260677,1.3014167213191992,-2.243675141938776,-0.7319714748350291,1.089851684883365
-2.143189079630928,-1.5117064563784892,-0.9157554158781038,0.3648749271027526,-1.221703575971323,-0.41887792445571814,0.8912548803213849,1.430161800131818,-0.7122871199007256,0.2796878854076555,0.9954333376207247,-0.7319714748350291,-0.5221223079094905
0.39324076737203983,0.6615040875036309,1.0276178786872305,-1.1201459658856983,-0.310273924056209,-0.41887792445571814,-1.0040485477479504,0.6908545327977449,-0.7122871199007256,1.2162726516599036,-0.6241209021590255,0.2386245946422087,1.089851684883365
0.5035203259373863,0.6615040875036309,1.9993045259698976,1.6214310673237495,0.5235872468448527,-0.41887792445571814,-1.0040485477479504,-1.0486919785765447,-0.7122871199007256,-0.9123290898224784,0.9954333376207247,-0.7319714748350291,-0.5221223079094905
0.6137998845027327,0.6615040875036309,-0.9157554158781038,0.4791073034864796,0.911429651915114,-0.41887792445571814,-1.0040485477479504,0.9082978467195311,-0.7122871199007256,0.10939974608906498,-0.6241209021590255,1.2092206641194465,1.089851684883365
0.172681650241347,0.6615040875036309,-0.9157554158781038,0.02217779795157167,-1.20231145571781,-0.41887792445571814,-1.0040485477479504,-1.9184652342636896,1.4039282363260677,0.8756963730227226,-0.6241209021590255,0.2386245946422087,-2.134096300702346
-2.143189079630928,-1.5117064563784892,-0.9157554158781038,0.3648749271027526,-1.221703575971323,-0.41887792445571814,0.8912548803213849,1.430161800131818,-0.7122871199007256,0.2796878854076555,0.9954333376207247,-0.7319714748350291,-0.5221223079094905
0.7240794430680791,0.6615040875036309,-0.9157554158781038,0.3648749271027526,-1.5513696202810452,-0.41887792445571814,-1.0040485477479504,-1.0486919785765447,1.4039282363260677,2.152857417912152,-0.6241209021590255,0.2386245946422087,-0.5221223079094905
0.39324076737203983,-1.5117064563784892,1.9993045259698976,1.0502691854051145,0.7175084493799834,2.3873303929763807,-1.0040485477479504,0.5603885444446732,-0.7122871199007256,-0.06088839322952556,0.9954333376207247,-0.7319714748350291,-0.5221223079094905
-0.2684365840200387,0.6615040875036309,-0.9157554158781038,-0.2062869548158823,0.1745290822816176,-0.41887792445571814,0.8912548803213849,0.516899881660316,1.4039282363260677,-0.9123290898224784,0.9954333376207247,0.2386245946422087,1.089851684883365
0.39324076737203983,0.6615040875036309,0.05593123140456333,-0.6632164603507903,0.7369005696334965,-0.41887792445571814,-1.0040485477479504,0.4734112188759587,-0.7122871199007256,0.6202641640448368,-0.6241209021590255,-0.7319714748350291,-0.5221223079094905
-1.922629962500235,0.6615040875036309,1.0276178786872305,-0.09205457843215531,0.07756848101405225,-0.41887792445571814,0.8912548803213849,1.6476051140536043,-0.7122871199007256,2.0677133482528562,-2.243675141938776,-0.7319714748350291,-0.5221223079094905
-0.2684365840200387,0.6615040875036309,-0.9157554158781038,-0.2062869548158823,0.1745290822816176,-0.41887792445571814,0.8912548803213849,0.516899881660316,1.4039282363260677,-0.9123290898224784,0.9954333376207247,0.2386245946422087,1.089851684883365
1.3857567944601576,0.6615040875036309,-0.9157554158781038,-0.6632164603507903,-0.32966604430972213,-0.41887792445571814,-1.0040485477479504,-0.8747373274391158,1.4039282363260677,1.3014167213191992,-0.6241209021590255,1.2092206641194465,1.089851684883365
1.1651976773294648,0.6615040875036309,1.9993045259698976,0.3648749271027526,0.6981163291264704,2.3873303929763807,-1.0040485477479504,1.08225249785696,-0.7122871199007256,0.2796878854076555,-0.6241209021590255,0.2386245946422087,-0.5221223079094905
-0.9301139354121173,0.6615040875036309,0.05593123140456333,-1.7484240359961967,-0.9502138924221402,2.3873303929763807,0.8912548803213849,0.29945656773852974,-0.7122871199007256,-0.9123290898224784,0.9954333376207247,-0.7319714748350291,1.089851684883365
1.496036353025504,-1.5117064563784892,1.0276178786872305,-0.6632164603507903,-0.6787242088729573,-0.41887792445571814,-1.0040485477479504,-1.4835786064201173,-0.7122871199007256,0.3648319550669509,-0.6241209021590255,-0.7319714748350291,-0.5221223079094905
-1.2609526111081566,0.6615040875036309,-0.9157554158781038,-0.9487974013101077,1.1053508544502446,-0.41887792445571814,0.8912548803213849,1.3866731373474608,-0.7122871199007256,0.10939974608906498,-0.6241209021590255,-0.7319714748350291,-0.5221223079094905
1.496036353025504,-1.5117064563784892,1.0276178786872305,-0.6632164603507903,-0.6787242088729573,-0.41887792445571814,-1.0040485477479504,-1.4835786064201173,-0.7122871199007256,0.3648319550669509,-0.6241209021590255,-0.7319714748350291,-0.5221223079094905
-0.3787161425853851,0.6615040875036309,-0.9157554158781038,0.4791073034864796,1.0277823734361924,-0.41887792445571814,0.8912548803213849,1.038763835072603,1.4039282363260677,0.4499760247262462,0.9954333376207247,-0.7319714748350291,1.089851684883365
-0.2684365840200387,0.6615040875036309,-0.9157554158781038,-1.1201459658856983,-0.310273924056209,-0.41887792445571814,0.8912548803213849,0.4734112188759587,-0.7122871199007256,-0.9123290898224784,0.9954333376207247,0.2386245946422087,-0.5221223079094905
1.0549181187641183,0.6615040875036309,1.0276178786872305,0.4791073034864796,1.7258987025626629,-0.41887792445571814,0.8912548803213849,0.3864338933072442,-0.7122871199007256,-0.9123290898224784,0.9954333376207247,-0.7319714748350291,-0.5221223079094905
0.5035203259373863,0.6615040875036309,1.9993045259698976,2.1925929492423846,0.8144690506475487,-0.41887792445571814,-1.0040485477479504,0.42992255609160146,-0.7122871199007256,-0.7420409505038879,-0.6241209021590255,-0.7319714748350291,1.089851684883365
-0.2684365840200387,0.6615040875036309,-0.9157554158781038,-0.3776355193914728,-0.6593320886194443,-0.41887792445571814,0.8912548803213849,0.8213205211508167,-0.7122871199007256,-0.06088839322952556,0.9954333376207247,1.2092206641194465,1.089851684883365
0.5035203259373863,0.6615040875036309,1.9993045259698976,1.6214310673237495,0.5235872468448527,-0.41887792445571814,-1.0040485477479504,-1.0486919785765447,-0.7122871199007256,-0.9123290898224784,0.9954333376207247,-0.7319714748350291,-0.5221223079094905
0.6137998845027327,-1.5117064563784892,1.9993045259698976,1.0502691854051145,-0.1163527215210784,-0.41887792445571814,0.8912548803213849,0.9517865095038883,-0.7122871199007256,-0.14603246288882082,0.9954333376207247,-0.7319714748350291,-0.5221223079094905
-1.4815117282388495,0.6615040875036309,1.0276178786872305,-1.1201459658856983,0.07756848101405225,-0.41887792445571814,0.8912548803213849,1.2996958117787463,-0.7122871199007256,-0.9123290898224784,0.9954333376207247,-0.7319714748350291,-0.5221223079094905
-1.4815117282388495,0.6615040875036309,0.05593123140456333,-1.2343783422694252,-0.2133133227886437,-0.41887792445571814,0.8912548803213849,0.168990579385458,-0.7122871199007256,-0.9123290898224784,0.9954333376207247,-0.7319714748350291,-0.5221223079094905
0.172681650241347,0.6615040875036309,0.05593123140456333,-0.6632164603507903,-0.1163527215210784,-0.41887792445571814,0.8912548803213849,0.8648091839351739,-0.7122871199007256,-0.9123290898224784,-2.243675141938776,-0.7319714748350291,-0.5221223079094905
0.172681650241347,0.6615040875036309,0.05593123140456333,-0.6632164603507903,-0.19392120253513065,-0.41887792445571814,0.8912548803213849,1.2562071489943891,-0.7122871199007256,-0.2311765325481161,0.9954333376207247,-0.7319714748350291,-0.5221223079094905
-0.7095548182814244,-1.5117064563784892,1.0276178786872305,-0.09205457843215531,0.5623714873518789,-0.41887792445571814,0.8912548803213849,-0.4398506995955434,-0.7122871199007256,-0.7420409505038879,0.9954333376207247,-0.7319714748350291,-0.5221223079094905
-1.7020708453695423,0.6615040875036309,1.0276178786872305,0.4791073034864796,1.45440901901348,-0.41887792445571814,-1.0040485477479504,1.430161800131818,-0.7122871199007256,-0.9123290898224784,0.9954333376207247,-0.7319714748350291,-0.5221223079094905
1.0549181187641183,0.6615040875036309,1.9993045259698976,2.1925929492423846,-0.36845028481674824,-0.41887792445571814,-1.0040485477479504,0.2559679049541725,-0.7122871199007256,-0.4014646718667067,-0.6241209021590255,-0.7319714748350291,1.089851684883365
0.2829612088066934,0.6615040875036309,-0.9157554158781038,0.4791073034864796,-1.0471744936897054,-0.41887792445571814,0.8912548803213849,-0.04845273453632821,-0.7122871199007256,-0.5717528111852972,-0.6241209021590255,-0.7319714748350291,-2.134096300702346
0.5035203259373863,0.6615040875036309,1.9993045259698976,1.6214310673237495,0.5235872468448527,-0.41887792445571814,-1.0040485477479504,-1.0486919785765447,-0.7122871199007256,-0.9123290898224784,0.9954333376207247,-0.7319714748350291,-0.5221223079094905
0.6137998845027327,0.6615040875036309,-0.9157554158781038,-0.09205457843215531,-0.7756848101405226,-0.41887792445571814,-1.0040485477479504,-0.744271339086044,1.4039282363260677,1.1311285820006083,-0.6241209021590255,1.2092206641194465,1.089851684883365
0.7240794430680791,0.6615040875036309,-0.9157554158781038,0.4791073034864796,-0.7562926898870095,-0.41887792445571814,-1.0040485477479504,-0.4833393623799006,1.4039282363260677,0.705408233704132,0.9954333376207247,0.2386245946422087,1.089851684883365
-1.2609526111081566,-1.5117064563784892,1.0276178786872305,-0.5489840839670632,-0.6399399683659311,-0.41887792445571814,0.8912548803213849,0.6908545327977449,-0.7122871199007256,-0.7420409505038879,-0.6241209021590255,-0.7319714748350291,-0.5221223079094905
-0.047877466889345854,0.6615040875036309,-0.9157554158781038,-0.6632164603507903,-1.1247429747037578,-0.41887792445571814,0.8912548803213849,-1.5705559319888316,-0.7122871199007256,0.2796878854076555,-0.6241209021590255,0.2386245946422087,1.089851684883365
0.5035203259373863,0.6615040875036309,-0.9157554158781038,0.3648749271027526,0.48480300633782664,-0.41887792445571814,-1.0040485477479504,1.430161800131818,-0.7122871199007256,-0.9123290898224784,0.9954333376207247,-0.7319714748350291,-0.5221223079094905
0.2829612088066934,0.6615040875036309,-0.9157554158781038,0.02217779795157167,-0.7562926898870095,-0.41887792445571814,0.8912548803213849,0.8213205211508167,1.4039282363260677,-0.9123290898224784,0.9954333376207247,-0.7319714748350291,1.089851684883365
0.2829612088066934,0.6615040875036309,0.05593123140456333,1.2787339381725684,-0.2714896835491829,-0.41887792445571814,-1.0040485477479504,0.6473658700133876,-0.7122871199007256,-0.9123290898224784,0.9954333376207247,0.2386245946422087,-0.5221223079094905
0.2829612088066934,0.6615040875036309,-0.9157554158781038,-0.09205457843215531,-2.2300938291540024,-0.41887792445571814,0.8912548803213849,-1.4835786064201173,1.4039282363260677,0.10939974608906498,-0.6241209021590255,0.2386245946422087,1.089851684883365
-0.7095548182814244,0.6615040875036309,-0.9157554158781038,-0.43475170758333626,0.5429793670983658,-0.41887792445571814,-1.0040485477479504,0.7343431955821021,-0.7122871199007256,-0.486608741526002,-0.6241209021590255,-0.7319714748350291,1.089851684883365
1.716595470156197,0.6615040875036309,-0.9157554158781038,0.7646882444457971,-1.3962326582529407,-0.41887792445571814,0.8912548803213849,-1.0486919785765447,1.4039282363260677,1.3014167213191992,-2.243675141938776,-0.7319714748350291,1.089851684883365
0.2829612088066934,0.6615040875036309,-0.9157554158781038,1.9070120082830668,0.8338611709010618,2.3873303929763807,-1.0040485477479504,-1.092180641360902,-0.7122871199007256,-0.06088839322952556,-0.6241209021590255,2.1798167335966845,1.089851684883365
0.7240794430680791,0.6615040875036309,-0.9157554158781038,-0.6632164603507903,0.2714896835491829,-0.41887792445571814,0.8912548803213849,-0.39636203681118615,1.4039282363260677,2.152857417912152,-0.6241209021590255,0.2386245946422087,1.089851684883365
0.2829612088066934,0.6615040875036309,-0.9157554158781038,-1.2343783422694252,-0.8726454114080879,-0.41887792445571814,0.8912548803213849,-1.0052033157921876,1.4039282363260677,0.3648319550669509,-0.6241209021590255,-0.7319714748350291,-2.134096300702346
0.6137998845027327,-1.5117064563784892,-0.9157554158781038,1.0502691854051145,0.2327054430421568,-0.41887792445571814,-1.0040485477479504,0.34294523052288695,-0.7122871199007256,1.3014167213191992,-0.6241209021590255,1.2092206641194465,1.089851684883365
0.944638560198772,-1.5117064563784892,-0.9157554158781038,1.0502691854051145,3.1221313608156036,-0.41887792445571814,-1.0040485477479504,0.21247924216981526,-0.7122871199007256,2.493433696549333,-0.6241209021590255,2.1798167335966845,1.089851684883365
0.06240209167600057,-1.5117064563784892,-0.9157554158781038,-0.2062869548158823,-0.7950769303940357,-0.41887792445571814,2.78655830839072,-0.8312486646547586,1.4039282363260677,0.7905523033634273,-0.6241209021590255,0.2386245946422087,1.089851684883365
1.0549181187641183,-1.5117064563784892,-0.9157554158781038,2.763754831161019,1.5319775000275322,-0.41887792445571814,0.8912548803213849,0.21247924216981526,1.4039282363260677,-0.9123290898224784,0.9954333376207247,-0.7319714748350291,-0.5221223079094905
-0.047877466889345854,0.6615040875036309,-0.9157554158781038,-1.2343783422694252,-0.13574484177459145,-0.41887792445571814,0.8912548803213849,-1.0052033157921876,1.4039282363260677,1.4717048606377894,-0.6241209021590255,0.2386245946422087,1.089851684883365
-0.2684365840200387,0.6615040875036309,-0.9157554158781038,-0.2062869548158823,-0.8144690506475487,2.3873303929763807,0.8912548803213849,0.29945656773852974,1.4039282363260677,-0.06088839322952556,-0.6241209021590255,-0.7319714748350291,-3.7460702934952015
-0.3787161425853851,0.6615040875036309,-0.9157554158781038,0.4791073034864796,1.0277823734361924,-0.41887792445571814,0.8912548803213849,1.038763835072603,1.4039282363260677,0.4499760247262462,0.9954333376207247,-0.7319714748350291,1.089851684883365
0.8343590016334256,-1.5117064563784892,1.0276178786872305,-0.09205457843215531,0.32966604430972213,-0.41887792445571814,0.8912548803213849,-2.2663745365385477,-0.7122871199007256,0.10939974608906498,-0.6241209021590255,0.2386245946422087,1.089851684883365
0.5035203259373863,0.6615040875036309,1.9993045259698976,2.6495224547772924,0.4654108860843136,-0.41887792445571814,-1.0040485477479504,-0.17891872288939994,-0.7122871199007256,2.6637218358679235,-2.243675141938776,-0.7319714748350291,1.089851684883365
-0.2684365840200387,0.6615040875036309,0.05593123140456333,0.13641017433529865,-0.8726454114080879,-0.41887792445571814,0.8912548803213849,0.3864338933072442,-0.7122871199007256,-0.2311765325481161,0.9954333376207247,0.2386245946422087,-0.5221223079094905
-1.371232169673503,-1.5117064563784892,-0.9157554158781038,-1.691307847804333,0.36845028481674824,-0.41887792445571814,-1.0040485477479504,-1.1791579669296166,-0.7122871199007256,-0.4014646718667067,-0.6241209021590255,-0.7319714748350291,-0.5221223079094905
0.5035203259373863,0.6615040875036309,-0.9157554158781038,0.19352636252716215,-0.2327054430421568,-0.41887792445571814,0.8912548803213849,0.516899881660316,-0.7122871199007256,-0.486608741526002,-0.6241209021590255,-0.7319714748350291,1.089851684883365
0.7240794430680791,0.6615040875036309,1.9993045259698976,0.13641017433529865,-0.2327054430421568,-0.41887792445571814,0.8912548803213849,-0.17891872288939994,-0.7122871199007256,1.3014167213191992,-0.6241209021590255,1.2092206641194465,-0.5221223079094905
-1.371232169673503,-1.5117064563784892,-0.9157554158781038,-1.691307847804333,0.36845028481674824,-0.41887792445571814,-1.0040485477479504,-1.1791579669296166,-0.7122871199007256,-0.4014646718667067,-0.6241209021590255,-0.7319714748350291,-0.5221223079094905
0.8343590016334256,-1.5117064563784892,-0.9157554158781038,0.4791073034864796,0.4266266455772874,-0.41887792445571814,-1.0040485477479504,0.4734112188759587,-0.7122871199007256,2.152857417912152,-2.243675141938776,1.2092206641194465,-0.5221223079094905
0.5035203259373863,0.6615040875036309,1.0276178786872305,-0.3205193311996093,-0.5429793670983658,2.3873303929763807,0.8912548803213849,-0.6572940135173296,-0.7122871199007256,0.960840442682018,-0.6241209021590255,0.2386245946422087,-2.134096300702346
0.06240209167600057,0.6615040875036309,0.05593123140456333,-0.09205457843215531,0.310273924056209,-0.41887792445571814,0.8912548803213849,0.2559679049541725,-0.7122871199007256,-0.9123290898224784,0.9954333376207247,-0.7319714748350291,-0.5221223079094905
1.0549181187641183,0.6615040875036309,-0.9157554158781038,-0.6632164603507903,0.0,-0.41887792445571814,-1.0040485477479504,-2.309863199322905,1.4039282363260677,0.960840442682018,-2.243675141938776,0.2386245946422087,-0.5221223079094905
-1.371232169673503,0.6615040875036309,-0.9157554158781038,0.4791073034864796,-0.3878424050702613,-0.41887792445571814,0.8912548803213849,1.2562071489943891,-0.7122871199007256,-0.9123290898224784,0.9954333376207247,-0.7319714748350291,-0.5221223079094905
-0.48899570115073154,-1.5117064563784892,0.05593123140456333,-0.6632164603507903,-0.03878424050702613,-0.41887792445571814,0.8912548803213849,0.5603885444446732,-0.7122871199007256,0.024255676429769807,0.9954333376207247,-0.7319714748350291,-0.5221223079094905
0.8343590016334256,0.6615040875036309,-0.9157554158781038,-0.6632164603507903,0.40723452532377435,-0.41887792445571814,0.8912548803213849,-2.179397210969833,1.4039282363260677,0.6202641640448368,-0.6241209021590255,1.2092206641194465,1.089851684883365
-0.48899570115073154,0.6615040875036309,-0.9157554158781038,0.7075720562539336,-0.8920375316616009,-0.41887792445571814,-1.0040485477479504,-1.0052033157921876,1.4039282363260677,-0.14603246288882082,-0.6241209021590255,-0.7319714748350291,1.089851684883365
-0.48899570115073154,0.6615040875036309,1.0276178786872305,0.4791073034864796,-0.25209756329566985,-0.41887792445571814,0.8912548803213849,0.6038772072290304,-0.7122871199007256,-0.4014646718667067,-0.6241209021590255,0.2386245946422087,1.089851684883365
0.39324076737203983,-1.5117064563784892,0.05593123140456333,0.25064255071902564,1.4156247785064537,2.3873303929763807,-1.0040485477479504,0.12550191660110077,-0.7122871199007256,-0.9123290898224784,0.9954333376207247,1.2092206641194465,-0.5221223079094905
-2.143189079630928,0.6615040875036309,-0.9157554158781038,-0.6632164603507903,-0.9308217721686272,-0.41887792445571814,0.8912548803213849,-0.8312486646547586,1.4039282363260677,0.4499760247262462,-0.6241209021590255,-0.7319714748350291,1.089851684883365
-1.0403934939774637,0.6615040875036309,-0.9157554158781038,-1.5770754714206061,-0.7369005696334965,-0.41887792445571814,-1.0040485477479504,-0.04845273453632821,1.4039282363260677,1.64199299995638,-0.6241209021590255,-0.7319714748350291,-0.5221223079094905
1.2754772358948112,0.6615040875036309,-0.9157554158781038,-1.1201459658856983,-0.6593320886194443,-0.41887792445571814,-1.0040485477479504,-0.744271339086044,1.4039282363260677,-0.8271850201631832,0.9954333376207247,0.2386245946422087,-0.5221223079094905
-0.9301139354121173,0.6615040875036309,-0.9157554158781038,-0.6632164603507903,0.0581763607605392,-0.41887792445571814,-1.0040485477479504,-0.22240738567375717,-0.7122871199007256,-0.2311765325481161,0.9954333376207247,-0.7319714748350291,1.089851684883365
1.1651976773294648,0.6615040875036309,-0.9157554158781038,0.19352636252716215,0.1551369620281045,-0.41887792445571814,-1.0040485477479504,-0.9617146530078303,-0.7122871199007256,1.4717048606377894,-0.6241209021590255,0.2386245946422087,1.089851684883365
-0.8198343768467709,0.6615040875036309,1.0276178786872305,-0.09205457843215531,0.13574484177459145,-0.41887792445571814,0.8912548803213849,1.2996958117787463,-0.7122871199007256,-0.9123290898224784,0.9954333376207247,-0.7319714748350291,-0.5221223079094905
0.5035203259373863,0.6615040875036309,1.9993045259698976,0.13641017433529865,-0.8144690506475487,-0.41887792445571814,0.8912548803213849,0.5603885444446732,-0.7122871199007256,-0.2311765325481161,0.9954333376207247,1.2092206641194465,-0.5221223079094905
-1.8123504039348886,0.6615040875036309,1.9993045259698976,-0.6632164603507903,-0.29088180380269596,-0.41887792445571814,0.8912548803213849,1.430161800131818,1.4039282363260677,2.3231455572307422,-0.6241209021590255,-0.7319714748350291,1.089851684883365
-1.7020708453695423,0.6615040875036309,-0.9157554158781038,-0.7774488367345173,-0.5235872468448527,-0.41887792445571814,0.8912548803213849,-0.39636203681118615,-0.7122871199007256,0.10939974608906498,-0.6241209021590255,-0.7319714748350291,1.089851684883365
0.39324076737203983,0.6615040875036309,-0.9157554158781038,0.8218044326376606,-0.5429793670983658,-0.41887792445571814,0.8912548803213849,-1.9184652342636896,-0.7122871199007256,0.7905523033634273,-0.6241209021590255,0.2386245946422087,1.089851684883365
-1.1506730525428102,0.6615040875036309,0.05593123140456333,-0.6632164603507903,0.32966604430972213,-0.41887792445571814,0.8912548803213849,1.038763835072603,-0.7122871199007256,-0.9123290898224784,0.9954333376207247,-0.7319714748350291,1.089851684883365
-0.047877466889345854,0.6615040875036309,-0.9157554158781038,0.4791073034864796,-0.13574484177459145,-0.41887792445571814,0.8912548803213849,0.4734112188759587,-0.7122871199007256,0.10939974608906498,0.9954333376207247,-0.7319714748350291,-0.5221223079094905
0.7240794430680791,-1.5117064563784892,-0.9157554158781038,-0.09205457843215531,1.6289381012950974,-0.41887792445571814,-1.0040485477479504,0.8648091839351739,-0.7122871199007256,-0.9123290898224784,0.9954333376207247,-0.7319714748350291,-0.5221223079094905
0.2829612088066934,0.6615040875036309,-0.9157554158781038,-0.09205457843215531,-2.2300938291540024,-0.41887792445571814,0.8912548803213849,-1.4835786064201173,1.4039282363260677,0.10939974608906498,-0.6241209021590255,0.2386245946422087,1.089851684883365
-0.047877466889345854,0.6615040875036309,-0.9157554158781038,-1.2343783422694252,-0.7756848101405226,-0.41887792445571814,-1.0040485477479504,-1.787999245910618,1.4039282363260677,-0.9123290898224784,-0.6241209021590255,0.2386245946422087,-0.5221223079094905
-1.371232169673503,0.6615040875036309,1.0276178786872305,-0.6632164603507903,-0.1163527215210784,2.3873303929763807,0.8912548803213849,1.952025753544105,-0.7122871199007256,-0.2311765325481161,-2.243675141938776,-0.7319714748350291,1.089851684883365
-0.047877466889345854,0.6615040875036309,-0.9157554158781038,-0.43475170758333626,0.3878424050702613,-0.41887792445571814,-1.0040485477479504,-1.7445105831262606,1.4039282363260677,0.960840442682018,-0.6241209021590255,0.2386245946422087,1.089851684883365
0.6137998845027327,0.6615040875036309,-0.9157554158781038,-0.09205457843215531,-0.7756848101405226,-0.41887792445571814,-1.0040485477479504,-0.744271339086044,1.4039282363260677,1.1311285820006083,-0.6241209021590255,1.2092206641194465,1.089851684883365
1.1651976773294648,0.6615040875036309,-0.9157554158781038,0.19352636252716215,0.1551369620281045,-0.41887792445571814,-1.0040485477479504,-0.9617146530078303,-0.7122871199007256,1.4717048606377894,-0.6241209021590255,0.2386245946422087,1.089851684883365
-1.591791286804196,0.6615040875036309,-0.9157554158781038,1.1645015617888415,-0.44601876583080047,-0.41887792445571814,0.8912548803213849,1.3866731373474608,-0.7122871199007256,-0.9123290898224784,0.9954333376207247,-0.7319714748350291,1.089851684883365
-0.3787161425853851,-1.5117064563784892,1.0276178786872305,0.4791073034864796,1.20231145571781,-0.41887792445571814,-1.0040485477479504,-0.30938471124247163,-0.7122871199007256,0.3648319550669509,0.9954333376207247,0.2386245946422087,-0.5221223079094905
-1.8123504039348886,0.6615040875036309,1.9993045259698976,-0.6632164603507903,-0.29088180380269596,-0.41887792445571814,0.8912548803213849,1.430161800131818,1.4039282363260677,2.3231455572307422,-0.6241209021590255,-0.7319714748350291,1.089851684883365
-1.371232169673503,0.6615040875036309,1.0276178786872305,-0.09205457843215531,-1.2798799367318623,-0.41887792445571814,0.8912548803213849,0.03852459103238628,-0.7122871199007256,-0.9123290898224784,0.9954333376207247,-0.7319714748350291,-0.5221223079094905
0.172681650241347,0.6615040875036309,0.05593123140456333,-0.6632164603507903,-0.1163527215210784,-0.41887792445571814,0.8912548803213849,0.8648091839351739,-0.7122871199007256,-0.9123290898224784,-2.243675141938776,-0.7319714748350291,-0.5221223079094905
-1.2609526111081566,0.6615040875036309,1.0276178786872305,-0.09205457843215531,1.3380562974924015,-0.41887792445571814,0.8912548803213849,0.5603885444446732,-0.7122871199007256,0.705408233704132,0.9954333376207247,0.2386245946422087,-0.5221223079094905
1.0549181187641183,0.6615040875036309,1.0276178786872305,0.4791073034864796,1.7258987025626629,-0.41887792445571814,0.8912548803213849,0.3864338933072442,-0.7122871199007256,-0.9123290898224784,0.9954333376207247,-0.7319714748350291,-0.5221223079094905
-0.1581570254546923,0.6615040875036309,-0.9157554158781038,0.5933396798702066,-0.3878424050702613,-0.41887792445571814,-1.0040485477479504,-1.657533257557546,1.4039282363260677,-0.9123290898224784,0.9954333376207247,-0.7319714748350291,1.089851684883365
-0.599275259716078,-1.5117064563784892,0.05593123140456333,0.13641017433529865,0.48480300633782664,-0.41887792445571814,0.8912548803213849,0.5603885444446732,-0.7122871199007256,-0.9123290898224784,-0.6241209021590255,-0.7319714748350291,-0.5221223079094905
0.2829612088066934,-1.5117064563784892,-0.9157554158781038,0.4791073034864796,-0.09696060126756532,-0.41887792445571814,0.8912548803213849,-1.1356693041452592,1.4039282363260677,-0.7420409505038879,-0.6241209021590255,-0.7319714748350291,1.089851684883365
-0.2684365840200387,-1.5117064563784892,1.0276178786872305,0.25064255071902564,-0.9696060126756533,-0.41887792445571814,-1.0040485477479504,0.8648091839351739,-0.7122871199007256,-0.8271850201631832,-0.6241209021590255,-0.7319714748350291,-0.5221223079094905
1.6063159115908505,-1.5117064563784892,1.9993045259698976,0.4791073034864796,-0.13574484177459145,-0.41887792445571814,0.8912548803213849,0.08201325381674351,-0.7122871199007256,0.6202641640448368,0.9954333376207247,1.2092206641194465,-0.5221223079094905
1.1651976773294648,0.6615040875036309,-0.9157554158781038,-0.6632164603507903,-1.3380562974924015,-0.41887792445571814,0.8912548803213849,-0.39636203681118615,-0.7122871199007256,-0.5717528111852972,0.9954333376207247,-0.7319714748350291,1.089851684883365
1.2754772358948112,-1.5117064563784892,-0.9157554158781038,2.6495224547772924,-0.3490581645632352,2.3873303929763807,0.8912548803213849,0.6908545327977449,1.4039282363260677,-0.06088839322952556,-0.6241209021590255,1.2092206641194465,1.089851684883365
0.172681650241347,0.6615040875036309,1.9993045259698976,-0.6632164603507903,-1.0277823734361924,-0.41887792445571814,-1.0040485477479504,0.5603885444446732,-0.7122871199007256,0.705408233704132,-0.6241209021590255,-0.7319714748350291,1.089851684883365
1.3857567944601576,-1.5117064563784892,1.0276178786872305,1.1645015617888415,0.601155727858905,-0.41887792445571814,0.8912548803213849,0.9952751722882456,-0.7122871199007256,-0.9123290898224784,0.9954333376207247,0.2386245946422087,-0.5221223079094905
-0.047877466889345854,-1.5117064563784892,1.0276178786872305,1.6214310673237495,-0.8726454114080879,-0.41887792445571814,0.8912548803213849,0.6038772072290304,-0.7122871199007256,-0.9123290898224784,0.9954333376207247,0.2386245946422087,-0.5221223079094905
1.716595470156197,0.6615040875036309,-0.9157554158781038,0.7646882444457971,-1.3962326582529407,-0.41887792445571814,0.8912548803213849,-1.0486919785765447,1.4039282363260677,1.3014167213191992,-2.243675141938776,-0.7319714748350291,1.089851684883365
0.2829612088066934,0.6615040875036309,-0.9157554158781038,0.02217779795157167,-0.7562926898870095,-0.41887792445571814,0.8912548803213849,0.8213205211508167,1.4039282363260677,-0.9123290898224784,0.9954333376207247,-0.7319714748350291,1.089851684883365
1.3857567944601576,0.6615040875036309,-0.9157554158781038,1.6214310673237495,0.7756848101405226,-0.41887792445571814,-1.0040485477479504,-1.787999245910618,1.4039282363260677,0.3648319550669509,-0.6241209021590255,2.1798167335966845,-0.5221223079094905
0.8343590016334256,-1.5117064563784892,1.0276178786872305,-0.09205457843215531,0.32966604430972213,-0.41887792445571814,0.8912548803213849,-2.2663745365385477,-0.7122871199007256,0.10939974608906498,-0.6241209021590255,0.2386245946422087,1.089851684883365
-0.047877466889345854,-1.5117064563784892,1.0276178786872305,0.19352636252716215,1.1247429747037578,2.3873303929763807,0.8912548803213849,0.9082978467195311,-0.7122871199007256,-0.9123290898224784,0.9954333376207247,-0.7319714748350291,-0.5221223079094905
-1.0403934939774637,-1.5117064563784892,-0.9157554158781038,0.3648749271027526,-0.19392120253513065,-0.41887792445571814,-1.0040485477479504,0.12550191660110077,1.4039282363260677,-0.7420409505038879,-0.6241209021590255,-0.7319714748350291,-0.5221223079094905
-0.1581570254546923,-1.5117064563784892,-0.9157554158781038,-0.09205457843215531,0.3490581645632352,-0.41887792445571814,-1.0040485477479504,-0.26589604845811443,-0.7122871199007256,-0.5717528111852972,-0.6241209021590255,-0.7319714748350291,-0.5221223079094905
0.8343590016334256,0.6615040875036309,1.0276178786872305,-0.09205457843215531,-0.29088180380269596,-0.41887792445571814,0.8912548803213849,-0.1354300601050427,-0.7122871199007256,0.6202641640448368,-0.6241209021590255,2.1798167335966845,1.089851684883365
-0.599275259716078,-1.5117064563784892,-0.9157554158781038,-0.09205457843215531,0.44601876583080047,-0.41887792445571814,0.8912548803213849,0.6038772072290304,-0.7122871199007256,-0.9123290898224784,0.9954333376207247,-0.7319714748350291,-0.5221223079094905
-0.48899570115073154,0.6615040875036309,1.0276178786872305,0.4791073034864796,-0.25209756329566985,-0.41887792445571814,0.8912548803213849,0.6038772072290304,-0.7122871199007256,-0.4014646718667067,-0.6241209021590255,0.2386245946422087,1.089851684883365
1.1651976773294648,-1.5117064563784892,1.0276178786872305,0.4791073034864796,3.316052563350734,2.3873303929763807,-1.0040485477479504,0.34294523052288695,-0.7122871199007256,-0.2311765325481161,0.9954333376207247,0.2386245946422087,-0.5221223079094905
1.6063159115908505,-1.5117064563784892,1.9993045259698976,0.4791073034864796,-0.13574484177459145,-0.41887792445571814,0.8912548803213849,0.08201325381674351,-0.7122871199007256,0.6202641640448368,0.9954333376207247,1.2092206641194465,-0.5221223079094905
-0.2684365840200387,-1.5117064563784892,1.0276178786872305,0.25064255071902564,-0.9696060126756533,-0.41887792445571814,-1.0040485477479504,0.8648091839351739,-0.7122871199007256,-0.8271850201631832,-0.6241209021590255,-0.7319714748350291,-0.5221223079094905
0.39324076737203983,-1.5117064563784892,-0.9157554158781038,-1.80554022418806,0.03878424050702613,-0.41887792445571814,-1.0040485477479504,-1.1791579669296166,-0.7122871199007256,-0.06088839322952556,-0.6241209021590255,-0.7319714748350291,-0.5221223079094905
-0.2684365840200387,0.6615040875036309,-0.9157554158781038,-1.3486107186531522,-0.25209756329566985,2.3873303929763807,0.8912548803213849,-0.09194139732068544,-0.7122871199007256,-0.8271850201631832,0.9954333376207247,2.1798167335966845,1.089851684883365
0.2829612088066934,-1.5117064563784892,-0.9157554158781038,0.4791073034864796,-0.09696060126756532,-0.41887792445571814,0.8912548803213849,-1.1356693041452592,1.4039282363260677,-0.7420409505038879,-0.6241209021590255,-0.7319714748350291,1.089851684883365
-1.1506730525428102,-1.5117064563784892,1.0276178786872305,-1.3486107186531522,-2.036172626618872,-0.41887792445571814,0.8912548803213849,1.1257411606413172,-0.7122871199007256,-0.4014646718667067,-0.6241209021590255,-0.7319714748350291,-0.5221223079094905
2.3782728215482756,-1.5117064563784892,1.0276178786872305,0.4791073034864796,-0.9502138924221402,-0.41887792445571814,2.78655830839072,-1.44008994363576,-0.7122871199007256,0.024255676429769807,-0.6241209021590255,-0.7319714748350291,-0.5221223079094905
0.39324076737203983,0.6615040875036309,-0.9157554158781038,-0.2062869548158823,0.25209756329566985,-0.41887792445571814,-1.0040485477479504,-0.8312486646547586,1.4039282363260677,1.64199299995638,-0.6241209021590255,1.2092206641194465,1.089851684883365
0.6137998845027327,-1.5117064563784892,1.0276178786872305,-0.6632164603507903,-1.3186641772388885,2.3873303929763807,0.8912548803213849,-2.309863199322905,-0.7122871199007256,-0.9123290898224784,0.9954333376207247,-0.7319714748350291,-0.5221223079094905
-0.1581570254546923,0.6615040875036309,-0.9157554158781038,0.4791073034864796,-0.8338611709010618,2.3873303929763807,-1.0040485477479504,0.2559679049541725,1.4039282363260677,1.7271370696156756,-2.243675141938776,-0.7319714748350291,1.089851684883365
-0.2684365840200387,0.6615040875036309,0.05593123140456333,-0.6632164603507903,1.5319775000275322,-0.41887792445571814,0.8912548803213849,0.9952751722882456,-0.7122871199007256,-0.7420409505038879,0.9954333376207247,-0.7319714748350291,-0.5221223079094905
-1.8123504039348886,0.6615040875036309,1.0276178786872305,0.3648749271027526,-1.3768405379994275,-0.41887792445571814,0.8912548803213849,1.038763835072603,-0.7122871199007256,-0.9123290898224784,0.9954333376207247,3.1504128030739222,-0.5221223079094905
-0.2684365840200387,0.6615040875036309,1.0276178786872305,2.3068253256261113,-0.911429651915114,2.3873303929763807,0.8912548803213849,0.5603885444446732,-0.7122871199007256,-0.486608741526002,0.9954333376207247,-0.7319714748350291,1.089851684883365
-0.2684365840200387,0.6615040875036309,1.9993045259698976,-0.7774488367345173,-1.1635272152107838,-0.41887792445571814,-1.0040485477479504,1.778071102406676,-0.7122871199007256,-0.9123290898224784,-0.6241209021590255,-0.7319714748350291,-2.134096300702346
-0.3787161425853851,0.6615040875036309,1.0276178786872305,-0.3776355193914728,-0.019392120253513064,2.3873303929763807,-1.0040485477479504,0.7343431955821021,-0.7122871199007256,1.1311285820006083,-0.6241209021590255,-0.7319714748350291,-0.5221223079094905
-1.2609526111081566,0.6615040875036309,-0.9157554158781038,-1.2343783422694252,-0.6787242088729573,-0.41887792445571814,0.8912548803213849,0.516899881660316,-0.7122871199007256,-0.9123290898224784,0.9954333376207247,-0.7319714748350291,1.089851684883365
-1.7020708453695423,0.6615040875036309,-0.9157554158781038,-0.7774488367345173,-0.5235872468448527,-0.41887792445571814,0.8912548803213849,-0.39636203681118615,-0.7122871199007256,0.10939974608906498,-0.6241209021590255,-0.7319714748350291,1.089851684883365
0.944638560198772,-1.5117064563784892,-0.9157554158781038,-1.3486107186531522,0.44601876583080047,-0.41887792445571814,0.8912548803213849,0.8648091839351739,1.4039282363260677,0.6202641640448368,-0.6241209021590255,1.2092206641194465,-0.5221223079094905
-0.2684365840200387,0.6615040875036309,0.05593123140456333,-0.2062869548158823,-0.7950769303940357,2.3873303929763807,0.8912548803213849,1.5171391257005324,-0.7122871199007256,-0.9123290898224784,0.9954333376207247,-0.7319714748350291,-0.5221223079094905
-1.1506730525428102,0.6615040875036309,-0.9157554158781038,-1.2343783422694252,-0.9502138924221402,-0.41887792445571814,-1.0040485477479504,1.2127184862100318,-0.7122871199007256,-0.9123290898224784,0.9954333376207247,0.2386245946422087,-0.5221223079094905
-1.0403934939774637,0.6615040875036309,-0.9157554158781038,0.5933396798702066,1.221703575971323,-0.41887792445571814,-1.0040485477479504,-0.09194139732068544,1.4039282363260677,-0.9123290898224784,-0.6241209021590255,2.1798167335966845,1.089851684883365
0.2829612088066934,0.6615040875036309,-0.9157554158781038,0.4791073034864796,-1.0471744936897054,-0.41887792445571814,0.8912548803213849,-0.04845273453632821,-0.7122871199007256,-0.5717528111852972,-0.6241209021590255,-0.7319714748350291,-2.134096300702346
-1.7020708453695423,0.6615040875036309,-0.9157554158781038,-0.7774488367345173,-0.5235872468448527,-0.41887792445571814,0.8912548803213849,-0.39636203681118615,-0.7122871199007256,0.10939974608906498,-0.6241209021590255,-0.7319714748350291,1.089851684883365
1.3857567944601576,-1.5117064563784892,-0.9157554158781038,-1.4628430950368791,-0.44601876583080047,-0.41887792445571814,0.8912548803213849,-0.30938471124247163,-0.7122871199007256,-0.6568968808445925,0.9954333376207247,1.2092206641194465,-0.5221223079094905
1.0549181187641183,0.6615040875036309,-0.9157554158781038,-0.2062869548158823,0.32966604430972213,-0.41887792445571814,0.8912548803213849,-1.9184652342636896,1.4039282363260677,-0.7420409505038879,-0.6241209021590255,0.2386245946422087,1.089851684883365
0.5035203259373863,0.6615040875036309,-0.9157554158781038,0.19352636252716215,-0.2327054430421568,-0.41887792445571814,0.8912548803213849,0.516899881660316,-0.7122871199007256,-0.486608741526002,-0.6241209021590255,-0.7319714748350291,1.089851684883365
0.8343590016334256,0.6615040875036309,1.0276178786872305,-0.09205457843215531,-0.29088180380269596,-0.41887792445571814,0.8912548803213849,-0.1354300601050427,-0.7122871199007256,0.6202641640448368,-0.6241209021590255,2.1798167335966845,1.089851684883365
0.06240209167600057,-1.5117064563784892,-0.9157554158781038,2.763754831161019,1.5707617405345582,-0.41887792445571814,2.78655830839072,-1.3966012808514028,1.4039282363260677,1.9825692785935614,-0.6241209021590255,-0.7319714748350291,-0.5221223079094905
0.2829612088066934,0.6615040875036309,0.05593123140456333,1.2787339381725684,-0.2714896835491829,-0.41887792445571814,-1.0040485477479504,0.6473658700133876,-0.7122871199007256,-0.9123290898224784,0.9954333376207247,0.2386245946422087,-0.5221223079094905
0.6137998845027327,0.6615040875036309,-0.9157554158781038,0.4791073034864796,0.911429651915114,-0.41887792445571814,-1.0040485477479504,0.9082978467195311,-0.7122871199007256,0.10939974608906498,-0.6241209021590255,1.2092206641194465,1.089851684883365
1.8268750287215434,-1.5117064563784892,0.05593123140456333,1.6214310673237495,1.0859587341967316,-0.41887792445571814,0.8912548803213849,0.5603885444446732,-0.7122871199007256,-0.5717528111852972,0.9954333376207247,1.2092206641194465,-0.5221223079094905
0.172681650241347,0.6615040875036309,0.05593123140456333,-0.6632164603507903,-0.19392120253513065,-0.41887792445571814,0.8912548803213849,1.2562071489943891,-0.7122871199007256,-0.2311765325481161,0.9954333376207247,-0.7319714748350291,-0.5221223079094905
0.6137998845027327,0.6615040875036309,-0.9157554158781038,-0.8345650249263807,-0.310273924056209,2.3873303929763807,0.8912548803213849,0.4734112188759587,1.4039282363260677,0.2796878854076555,0.9954333376207247,1.2092206641194465,1.089851684883365
-0.48899570115073154,-1.5117064563784892,-0.9157554158781038,-1.2343783422694252,0.1551369620281045,-0.41887792445571814,-1.0040485477479504,0.42992255609160146,-0.7122871199007256,-0.9123290898224784,0.9954333376207247,-0.7319714748350291,-0.5221223079094905
-1.2609526111081566,0.6615040875036309,-0.9157554158781038,0.02217779795157167,0.019392120253513064,2.3873303929763807,-1.0040485477479504,-0.26589604845811443,1.4039282363260677,-0.8271850201631832,-0.6241209021590255,3.1504128030739222,1.089851684883365
0.5035203259373863,0.6615040875036309,-0.9157554158781038,-1.2343783422694252,-0.13574484177459145,-0.41887792445571814,-1.0040485477479504,-0.30938471124247163,1.4039282363260677,0.10939974608906498,-0.6241209021590255,0.2386245946422087,1.089851684883365
-1.1506730525428102,0.6615040875036309,0.05593123140456333,-0.6632164603507903,0.32966604430972213,-0.41887792445571814,0.8912548803213849,1.038763835072603,-0.7122871199007256,-0.9123290898224784,0.9954333376207247,-0.7319714748350291,1.089851684883365
0.172681650241347,-1.5117064563784892,-0.9157554158781038,0.13641017433529865,3.1609156013226296,-0.41887792445571814,-1.0040485477479504,0.03852459103238628,1.4039282363260677,0.705408233704132,-0.6241209021590255,1.2092206641194465,1.089851684883365
-0.047877466889345854,0.6615040875036309,-0.9157554158781038,-0.6632164603507903,-1.1247429747037578,-0.41887792445571814,0.8912548803213849,-1.5705559319888316,-0.7122871199007256,0.2796878854076555,-0.6241209021590255,0.2386245946422087,1.089851684883365
-1.371232169673503,0.6615040875036309,-0.9157554158781038,0.25064255071902564,1.3380562974924015,-0.41887792445571814,0.8912548803213849,-1.0486919785765447,1.4039282363260677,0.6202641640448368,-0.6241209021590255,-0.7319714748350291,-2.134096300702346
1.3857567944601576,0.6615040875036309,-0.9157554158781038,-0.3776355193914728,0.1551369620281045,2.3873303929763807,0.8912548803213849,0.6038772072290304,-0.7122871199007256,-0.7420409505038879,-0.6241209021590255,1.2092206641194465,1.089851684883365
1.0549181187641183,0.6615040875036309,-0.9157554158781038,0.7646882444457971,-0.6593320886194443,-0.41887792445571814,-1.0040485477479504,-0.744271339086044,-0.7122871199007256,0.7905523033634273,-0.6241209021590255,1.2092206641194465,-2.134096300702346
-1.371232169673503,0.6615040875036309,-0.9157554158781038,0.4791073034864796,-0.3878424050702613,-0.41887792445571814,0.8912548803213849,1.2562071489943891,-0.7122871199007256,-0.9123290898224784,0.9954333376207247,-0.7319714748350291,-0.5221223079094905
1.2754772358948112,0.6615040875036309,-0.9157554158781038,-1.1201459658856983,-0.6593320886194443,-0.41887792445571814,-1.0040485477479504,-0.744271339086044,1.4039282363260677,-0.8271850201631832,0.9954333376207247,0.2386245946422087,-0.5221223079094905
-0.2684365840200387,0.6615040875036309,-0.9157554158781038,-1.3486107186531522,-0.25209756329566985,2.3873303929763807,0.8912548803213849,-0.09194139732068544,-0.7122871199007256,-0.8271850201631832,0.9954333376207247,2.1798167335966845,1.089851684883365
-0.3787161425853851,-1.5117064563784892,1.0276178786872305,0.4791073034864796,1.20231145571781,-0.41887792445571814,-1.0040485477479504,-0.30938471124247163,-0.7122871199007256,0.3648319550669509,0.9954333376207247,0.2386245946422087,-0.5221223079094905
0.06240209167600057,-1.5117064563784892,-0.9157554158781038,-0.2062869548158823,-0.7950769303940357,-0.41887792445571814,2.78655830839072,-0.8312486646547586,1.4039282363260677,0.7905523033634273,-0.6241209021590255,0.2386245946422087,1.089851684883365
0.39324076737203983,0.6615040875036309,1.0276178786872305,0.4791073034864796,-0.6787242088729573,2.3873303929763807,-1.0040485477479504,0.6908545327977449,-0.7122871199007256,-0.9123290898224784,0.9954333376207247,-0.7319714748350291,-0.5221223079094905
0.172681650241347,0.6615040875036309,1.9993045259698976,-0.6632164603507903,-1.0277823734361924,-0.41887792445571814,-1.0040485477479504,0.5603885444446732,-0.7122871199007256,0.705408233704132,-0.6241209021590255,-0.7319714748350291,1.089851684883365
-1.371232169673503,0.6615040875036309,0.05593123140456333,-0.6632164603507903,0.9502138924221402,-0.41887792445571814,0.8912548803213849,0.5603885444446732,-0.7122871199007256,-0.9123290898224784,0.9954333376207247,-0.7319714748350291,-0.5221223079094905
-1.591791286804196,0.6615040875036309,-0.9157554158781038,1.1645015617888415,-0.44601876583080047,-0.41887792445571814,0.8912548803213849,1.3866731373474608,-0.7122871199007256,-0.9123290898224784,0.9954333376207247,-0.7319714748350291,1.089851684883365
-0.3787161425853851,0.6615040875036309,-0.9157554158781038,0.4791073034864796,1.0277823734361924,-0.41887792445571814,0.8912548803213849,1.038763835072603,1.4039282363260677,0.4499760247262462,0.9954333376207247,-0.7319714748350291,1.089851684883365
-1.0403934939774637,0.6615040875036309,0.05593123140456333,-0.2062869548158823,1.20231145571781,-0.41887792445571814,-1.0040485477479504,0.9082978467195311,-0.7122871199007256,-0.9123290898224784,0.9954333376207247,-0.7319714748350291,-0.5221223079094905
-0.7095548182814244,0.6615040875036309,0.05593123140456333,-1.2343783422694252,-0.32966604430972213,-0.41887792445571814,0.8912548803213849,0.8213205211508167,-0.7122871199007256,-0.06088839322952556,-2.243675141938776,-0.7319714748350291,1.089851684883365
0.39324076737203983,0.6615040875036309,-0.9157554158781038,-1.0059135895019713,1.3962326582529407,-0.41887792445571814,2.78655830839072,-0.39636203681118615,-0.7122871199007256,2.834009975186514,-2.243675141938776,2.1798167335966845,-2.134096300702346
-1.1506730525428102,-1.5117064563784892,1.0276178786872305,-1.3486107186531522,-2.036172626618872,-0.41887792445571814,0.8912548803213849,1.1257411606413172,-0.7122871199007256,-0.4014646718667067,-0.6241209021590255,-0.7319714748350291,-0.5221223079094905
0.39324076737203983,0.6615040875036309,-0.9157554158781038,-0.2062869548158823,-0.5817636076053919,-0.41887792445571814,-1.0040485477479504,-0.7877600018704013,1.4039282363260677,0.960840442682018,-0.6241209021590255,2.1798167335966845,1.089851684883365
1.1651976773294648,0.6615040875036309,1.9993045259698976,0.3648749271027526,0.6981163291264704,2.3873303929763807,-1.0040485477479504,1.08225249785696,-0.7122871199007256,0.2796878854076555,-0.6241209021590255,0.2386245946422087,-0.5221223079094905
-0.1581570254546923,0.6615040875036309,-0.9157554158781038,-0.49186789577519974,0.6981163291264704,-0.41887792445571814,0.8912548803213849,-2.353351862107262,1.4039282363260677,0.7905523033634273,-0.6241209021590255,1.2092206641194465,1.089851684883365
-1.4815117282388495,0.6615040875036309,-0.9157554158781038,-1.2343783422694252,-1.4350168987599667,-0.41887792445571814,-1.0040485477479504,0.3864338933072442,-0.7122871199007256,-0.9123290898224784,0.9954333376207247,-0.7319714748350291,1.089851684883365
-0.8198343768467709,0.6615040875036309,-0.9157554158781038,-1.1201459658856983,-0.8144690506475487,-0.41887792445571814,0.8912548803213849,-0.26589604845811443,-0.7122871199007256,-0.8271850201631832,0.9954333376207247,-0.7319714748350291,-0.5221223079094905
0.5035203259373863,0.6615040875036309,0.05593123140456333,0.4791073034864796,-0.48480300633782664,-0.41887792445571814,0.8912548803213849,0.6473658700133876,1.4039282363260677,-0.9123290898224784,0.9954333376207247,-0.7319714748350291,-0.5221223079094905
0.6137998845027327,0.6615040875036309,-0.9157554158781038,-0.3776355193914728,0.2327054430421568,-0.41887792445571814,-1.0040485477479504,-0.3528733740268289,1.4039282363260677,1.4717048606377894,-0.6241209021590255,0.2386245946422087,1.089851684883365
-0.8198343768467709,0.6615040875036309,-0.9157554158781038,-1.2343783422694252,0.5623714873518789,-0.41887792445571814,-1.0040485477479504,-1.3531126180670454,1.4039282363260677,-0.06088839322952556,-0.6241209021590255,0.2386245946422087,-0.5221223079094905
-0.48899570115073154,-1.5117064563784892,-0.9157554158781038,-1.2343783422694252,0.1551369620281045,-0.41887792445571814,-1.0040485477479504,0.42992255609160146,-0.7122871199007256,-0.9123290898224784,0.9954333376207247,-0.7319714748350291,-0.5221223079094905
-0.047877466889345854,0.6615040875036309,-0.9157554158781038,-0.6632164603507903,-1.1247429747037578,-0.41887792445571814,0.8912548803213849,-1.5705559319888316,-0.7122871199007256,0.2796878854076555,-0.6241209021590255,0.2386245946422087,1.089851684883365
